Name,Ostan,Shahrestan,Shahr,Roosta,Address,Phone Code,Reg Number,National Code
ولی عصر(عج),مازندران,بابل,NULL,امین آبادو کروکلا,10 کیلومتری بابل،جاده جدید امل، روستای امین اباد و کرو کلا,01132114542,28,10760007282
ولی عصر(عج),مازندران,بابل,NULL,سیاهکلامحله شرقی,بابل،جاده گنج افروز روستای سیاهکلا محله,01132230088-01132234003,16,10862138889
ثامن الائمه(ع),مازندران,بابل,NULL,علی آباد,جاده آمل به بابل-16 کیلومتری آمل,01132642023,25,10760006623
حضرت ابوالفضل(ع),مازندران,بابل,NULL,شوبکلا,جاده قدیم آمل-روستای شوبکلا,01132422227,14,10861224896
امام رضا(ع),مازندران,بابل,NULL,درزیکلا نصیرائی,جاده شهید صالحی پلاک 394,01132143106,30,10760007890
ولی عصر(عج),مازندران,بابل,NULL,گتاب_روستاي درزيكلا آخوندي,کیلومتر 3 جاده شهید صالحی، روستای درزیکلا آخوندی,01132142466,27,10760007132
ولی عصر(عج),مازندران,بابل,NULL,موزیرج,خیابان ایت اله خامنه ای -بعد از پل-روبروی بانک ملی,01132272649/01132275649,38,10760010052
ثامن الائمه(ع),مازندران,بابل,مرزیکلا,درازکلا,بابل-کنار روستای درازکلا,011-326322233-32633742,15,10760003806
ولی عصر(عج),مازندران,بابل,NULL,دهک,جاده جدید امل روستای دهک,01132271212,62,10760015990
ولی عصر(عج),مازندران,بابل,NULL,بخش مرکزی روستای درویش خیل مرزون آباد,روستای درویش خیل مرزون اباد  پلاک 29,011-32053210,87,10760022521
امام رضا(ع),مازندران,بابل,زرگرشهر,سپاه دانش,جاده جدید امل کیلومتر 7 پست امین اباد روستای سپاه دانش,01132563468,89,10760022901
ولی عصر(عج),مازندران,بابل,NULL,هلال کلا,جاده جدید امل،روستای هلال کلا، 12کیلومتری بابل,01132114534,66,10760017044
ولی عصر(عج),مازندران,بابل,NULL,برسمنان,بابل روستای برسمنان,01132112295,57,10760014795
موسی بن جعفر(ع),مازندران,بابل,NULL,درزیکلا آقاشفیعی,جاده قدیم آمل-پل انصاری-روستای درزیکلا آقا شفیعی,011-32665068,76,10760019732
ولی عصر(عج),مازندران,بابل,امیرکلا,NULL,فلکه مرکزی-خیابان امام خمینی-میدان انقلاب,01132343412,43,10760011360
امام هادی(ع),مازندران,بابل,NULL,پایین کشتلی,جاده شهید صالحی روستای پایین محله کشتلی,01132558599,60,10760015627
غدیر,مازندران,بابل,NULL,آهنگر کلا بزرگ,جاده شهید صالحی-روستای آهنگر کلا بزرگ,011-32623080,92,10760023615
امام علی(ع),مازندران,بابل,NULL,کفشگرکلا,بابل،جاده شهید صالحی،روستای کفشگر کلا,01132453155/01132454999,138,10760033278
ولی عصر(عج),مازندران,بابل,NULL,میدانسرکشتلی,بابل،جاده شهید صالحی،روستای میدانسرکشتلی,011-32556009,42,10760010981
امام حسین(ع),مازندران,بابل,امیرکلا,NULL,خیابان امام،جنب بانک ملی شعبه مرکزی امیر کلا,01132347814-01132347815,154,10760036460
محمد رسول اله(ص),مازندران,امل,آمل,درزی کلا,امل، جاده واسکس، روستای درزیکلا,01143182030,32,10760008319
امام حسن عسگری(ع),مازندران,بابل,بابل بالا گنج افروز,NULL,جاده گنج افروز روستای بالا گنج افروزا,01132532480,153,10760036232
امیرالمومنین(ع),مازندران,بابل,NULL,درونکلا شرقی,جاده گنج افروز روستای درونکلا شرقی,01132534740,19,10760004942
امام حسن مجتبی(ع),مازندران,بابل,NULL,آغوزبن,بابل،آغوزبن,01132373244,73,10760018940
شهدای قرآن,مازندران,بابل,NULL,بابلکنار,استان مازندران شهرستان بابل بخش بابلکنار روستای قرآن تالار تالار 7,01132432944,113,10760028092
شهدای درزیکلا شیخ,مازندران,بابل,بابل .امیرکلا .درزیکلاشیخ,امیرکلا,امیرکلا رحیم زاده، درزیکلا شیخ،نرسیده به گلزار شهدای درزیکلا,01132345883,104,10760026242
ولی عصر(عج),مازندران,بابلسر,بهنمیر,NULL,بهنمیر-خیابان امام -جنب بانك ملت,01135752212,3,10760000759
ولی عصر(عج),مازندران,بابلسر,NULL,باقر تنگه,خیابان شهید بهشتی،بلوار شهید ذوالفقاری،خیابان نیروی هوایی ،روبروی مسجد جامع،پلاک 119,01135342111,9,10760002292
ولی عصر(عج),مازندران,بابلسر,NULL,عرب خیل,جاده بهنمیر روستای عرب خلیل,01135722212,11,10760002784
ولی عصر(عج),مازندران,فریدونکنار,قریدونکنار,مهلبان,فریدونکنار روستای مهلبان,01135649242,10,10760002522
امیرالمومنین(ع),مازندران,بابلسر,NULL,دوغیکلا,جنب مسجد امام حسن(ع),01135224900/01135224167,19,10760004923
ولی عصر(عج),مازندران,بابلسر,NULL,میاندشت,بابلسر ،خیابان امام خمینی،نرسیده به میدان امام حسین،روستای میاندشت,01135332780,8,10760001988
ولی عصر(عج),مازندران,فریدونکنار,NULL,NULL,فریدونکنار،خیابان شهدا,01135652050,6,10760001350
ولی عصر(عج),مازندران,فریدونکنار,NULL,سوته,فریدونکنار ،روستای سوته,01135646230,13,10760003314
امام جعفرصادق(ع),مازندران,بابلسر,بهنمیر,کاله,جاده بهنمیر-روستای کاله,011-35752004,5,10760001156
ولی عصر(عج),مازندران,بابل,NULL,پائین احمدچاله پی ( پل انصاری ),جاده قدیم آمل روستای پائین احمد چاله پی,01132665200,26,10760006754
امام جعفرصادق(ع),مازندران,امل,آمل,اجوار کلا,جاده جدید امل به بابل،روستای اجوار کلا ،پلاک 1841,01143112273,9,10760002104
امام سجاد(ع),مازندران,امل,NULL,رئیس آباد,آمل ،جاده درویش خلیل ،فریدون کنار ،کمربندی رئیس اباد دابو,01143056155,13,10760003430
ولی عصر(عج),مازندران,محمودآباد,NULL,NULL,خیابان معلم-اول بلوار-روبروی درمانگاه شهدای محمود اباد,011-44742551-44747965,1,10760000010
ولی عصر(عج),مازندران,نور,رویان,NULL,رویان   ،خیابان شهدا,011-44542080/01144544777,12,10760003139
ایثار امام زمان(عج),مازندران,امل,NULL,شومیا,کیلومتر 10 آمل و محمد آباد کلوده روستای شومیا,01144835343,3,10760000706
امام جعفرصادق(ع),مازندران,محمودآباد,محمود اباد,ملاکلا,کیلومتر 12 فریدونکنار روستای ملاکلا,01144822999,24,10760001025
ولی عصر(عج),مازندران,نور,NULL,NULL,میدان امام-خیابان پاسداران-جنب فرمانداری,011-44527247/011-44527246/8,2,10760000364
امیر المومنین(ع),مازندران,قائم شهر,NULL,NULL,قائم شهر-خیابان ساری-خیابان رازی-روبروی فروشگاه فرهنگيان,01142225722,3,10760000744
المهدی(عج),مازندران,سواد کوه,پل سفید,NULL,خیابان امام - جنب نانوائی لواش سید جعفر حسینی-صندوق قرض الحسنه المهدی (عج)    پل سفید,01142422865,33,10760000841
ولی عصر(عج),مازندران,جویبار,NULL,انارمرز,جویبار روستای انارمرز,01142565140,3,10760012774
محمد رسول اله(ص),مازندران,ساری,NULL,NULL,کمربندی غربی_جنب میدان بار_جنب مسجد محمد رسول اله (ص),01133212998,20,10760005219
قدس,مازندران,ساری,NULL,NULL,خیابان 18 دی-جنب پاساژ امیر المومنین,011-33329103,17,10760004275
الفتح,مازندران,ساری,NULL,NULL,کیلومتر 23جاده ساری، کیاسر، روستای امره، خیابان امام حسین,01133453789,201,10760045386
ولی عصر(عج),مازندران,بهشهر,NULL,NULL,بلوار شهید هاشمی نژاد ،جنب پارک ملت ،پاساژ حضرت ولیعصر,01134524600,239,10760032847
امام حسین(ع),مازندران,بهشهر,NULL,شهیدآباد,روستای شهید آباد-تروجن-جنب کوچه زینبیه-روبروی حمام عمومی سرچشمه,01134581177,241,10760053360
نصر,مازندران,بهشهر,رستمكلا,رستمکلا,بهشهر،رستمكلا،خیابان مدرس,01134632280,1,10760000058
ولی عصر(عج),مازندران,بهشهر,گلوگاه,NULL,جاده گرگان کیلومتر 20،میدان 22 بهمن،خیابان طالقانی،پاساژولیعصر,1134663336,12,10760000647
ولی عصر(عج),مازندران,بهشهر,خلیل شهر,NULL,کمربندی ،خلیل شهر،روبروی شرکت چندمنظوره خلیل شهر,01134646288,39,10760010219
ولی عصر(عج),مازندران,بهشهر,NULL,شهیدآباد,تروجن، پایین جمعه، چهار راه اول به طرف شمال,011-34580384,13,10760003202
ولی عصر(عج),مازندران,گلوگاه,گلوگاه روستای خورشید کلا,NULL,گلوگاه ،بخش مرکزی،روستای خورشید کلا,011-34664944,20,10760001268
فاطمه زهرا(س),مازندران,بهشهر,NULL,NULL,انتهای خیابان شهید رجایی خیابان شهیدان رضیعی روبروی مسجد حضرت علی(ع),01134542529,29,10760007702
ولی عصر(عج),مازندران,گلوگاه,NULL,لمراسک,شهرستان گلوکاه،مرکز بخش کلباد لمراسک,011-34653450,2,10760000307
ولی عصر(عج),مازندران,بهشهر,NULL,قره تپه,بهشهر روستای قره تپه,01134628332,19,10760005014
ولی عصر(عج) شهدای علمدار,مازندران,بهشهر,NULL,علمدارمحله,خلیل شهر، روستای علمدار محله،روبروی مسجد جامع,٠١١34646277,41,10760010846
امام علی(ع),مازندران,بهشهر,NULL,پاسند,بهشهر. روستای پاسند,01134644710,65,10760016953
امام جواد(ع),مازندران,بهشهر,NULL,کوهستان,بهشهر-روستای کوهستان,01134642022,17,10760004446
فرهنگیان,مازندران,بهشهر,NULL,NULL,بلوار هاشمی نژادخیابان فرهنگ، جنب آموزش و پرورش,011-34537933/01134537922,16,10760004090
ولی عصر(عج),مازندران,بهشهر,NULL,روستای گرجی محله,جنب تکیه امام خمینی,01134632529,240,10760038496
رضوی,مازندران,نوشهر,NULL,NULL,نوشهر،خيابان انقلاب،روبروی اداره اموزش و پرورش سابق،جنب نساجی مازندران,01152351228,2,10760000438
امام عصر(عج),مازندران,عباس آباد,کلاراباد,کلارآباد,خیابان امام خمینی،بازارچه شهرداری،رو به رو مسجد حجت,-01154607933,68,14003934608
ولی عصر(عج),مازندران,تنکابن,تنكابن,ولی آباد,ولي آباد-خيابان اصلي -بلوارمهارت,01154392422,4,10760000875
الغدیر,مازندران,رامسر,NULL,کتالم,بازار-خیابان 22 بهمن-جنب بانک تجارت- پاساژرحیمی,01155249423,9,10760002254
بعثت,مازندران,تنکابن,NULL,شیرود,تنکابن، شیرود،بازار,01154372404,24,10760006302
شهید مطهری,مازندران,تنکابن,NULL,ندارد,بلوار دکتر شریعتی،مقابل مصلای تنکابن,01154222630,14,10760003498
امام عصر(عج),مازندران,عباس آباد,NULL,بخش عباس آباد,خیابان شهدا،روبروی مسجد جامع,011-54622224,17,10861637164
ذخیره المهدی(عج),مازندران,رامسر,NULL,NULL,خیابان شهید مطهری ،کوچه مسجد جامع بازار رامسر,011055253613-01155260805,1,10862002070
جواد الائمه,مازندران,آمل,NULL,NULL,خیابان شیخ فض اله نوری - روبروی فجر 11,01144265463,6,10760001399
مهر کتی غربی,مازندران,بابل,NULL,مهر کتی غربی,بابل ، جاده قائم شهر ، خداداد 25 کتی غربی,01132251133-32263686,10,10760002328
شهدای دیوا,مازندران,بابل,NULL,دیوا,بند پی غربی دیوا,01132446232,129,10861225450
جاویدان,گیلان,رشت,NULL,مرکزی,رشت،میدان شهدا(شهرداری)،مقابل نیروی انتظامی،اول خیابان شریعتی,01333235967-33234033,47,10720010773
ابوذر,گیلان,منجیل,NULL,NULL,خیابان امام خمینی,013-34642063,1,10720000215
ولی عصر(عج),گیلان,فومن,NULL,NULL,خیابان دکتر مفتح پشت سینماروبروی مرکز بهداشت،پلاک9,01334722156,1,10720000137
قائم(عج),گیلان,لاهیجان,NULL,NULL,خیابان قیام جنب کانون بازنشستگان تامین اجتماعی,013-42231990/42241990,5,10861951100
اثنی عشری,گیلان,لنگرود,NULL,NULL,لنگرود،خیابان بهشتي ،نبش خیابان نواب,013-42525553-4384,1,10861791595
المهدی(عج),گیلان,استانه اشرفیه,NULL,درگاه,استانه اشرفیه، روستای درگاه,01342181258,84,14007086377
ولی عصر(عج),گیلان,استانه اشرفیه,آستانه اشرفیه,مرکزی,میدان امام خمینی-خیابان طالقانی,013-42122262,75,10720001993
امام عصر(عج),گیلان,سیاهکل,NULL,NULL,خیابان امام خمینی-مقابل مخابرات,013-41322869,29,10860019391
صاحب الزمان(عج),گیلان,آستانه اشرفیه,بندر کیاشهر,پایین رود پشت,بندر کیا شهر-روستای پایین رود پشت(بعداز ظهر کار میباشند),013-42450772,83,10720002810
المهدی(عج),گیلان,لنگرود,NULL,مركزي,خیابان شریعتی-جنب مسجد جامعنبش كوچه بلال,013-42523990,2,10861791616
چهارده معصوم(ع),گیلان,لنگرود,NULL,NULL,لنگرود،خیابان امام خمینی،جنب هلال احمر،داخل پاساز موقوفه امینی,013-42522495,11,10861793316
صاحب الزمان(عج),گیلان,املش,NULL,NULL,خیابان ایت الله ربانی- جنب مسجد اعظم,013-42723300,16,10862061457
الزهرا(س),گیلان,لنگرود,NULL,NULL,لنگرود،خیابان امام خمینی،کوچه شهید غفاری زرگران،پاساژ شیک،طبقه دوم,01342525625,12,10861793392
امام حسن مجتبی(ع),گیلان,لنگرود,NULL,NULL,لنگرود،خیابان شریعتی،جنب بانک صادرات،پاساژ دعاگو، طبقه همکف,013-42532528,13,10861793432
نبی اکرم(ص),گیلان,تالش,اسالم,NULL,تالش،اسالم،خیابان امام خمینی،جنب بانک کشاورزی,013013-44294281-44291624,5,10862029929
محمدیه اسالم,گیلان,تالش,اسالم,NULL,اسالم، روبروی مسجد فاروغ اعظم جنب شرکت  توبا,01344284101,14,10862030277
امام سجاد(ع),گیلان,صومعه سرا,بازار جمعه تولم,NULL,صومعه سرا،خیابان امام خمینی،ازار جمعه تولم,01344362327,69,10720018713
امام جعفرصادق(ع),گیلان,تالش,اسالم . خلیف اباد,خلیف آباد,تالش -اسالم-خلیف اباد- جنب مسجد جامع خلیف آباد,013-44263050,23,10720005851
رسول اکرم(ص),گیلان,تالش,اسالم,NULL,اسالم-سه راه خلخال,01344263163,20,10720005262
امام رضا(ع),گیلان,تالش,اسالم,خاله سرا,هشتپر اسالم-خاله سرا 57-خانم طالب زاده09398890633,01344267363,27,10720006793
قائم آل محمد(عج),گیلان,تالش,NULL,چوبر,پست حویق-روستای چوبر-خیابان امام,01344215177,25,10720006380
حجت ابن الحسن( ع ),گیلان,رشت,NULL,NULL,خیابان مطهری ، کوچه میرزا خلیل رفیع ، ابتدای بن بست اخوان,01333329518,60,10720013056
امام رضا (ع) لوندویل,گیلان,استارا,لوندویل,NULL,استارا،لوندویل،خ امام ، روبروی برنجکوبی دستوری,01344861822,2,10720000540
ولی عصر(عج),گلستان,گرگان,NULL,NULL,خیابان امام خميني -بين افتاب 18و20,01732220501-32225052,1,10700000128
ولی عصر(عج),گلستان,گنبد کاوس,گنبدکاوس,NULL,میدان انقلاب مقابل بانک سپه مرکزی,01733220300,1,10980255035
ولی عصر(عج),گلستان,بندر گز,نوكنده,لیوان شرقی,بندر گز،روستاي لیوان شرقی، بازار قديم,01734387899,5,14000119931
ولی عصر(عج),گلستان,بندرگز,NULL,NULL,بندرگز،خیابان امام خمینی،کوچه انقلاب 44 ساختمان صندوق,01734362080-34367880-34368931,2,10980039324
ولی عصر(عج),گلستان,علی آباد کتول,علی آبادکتول,NULL,خیابان بهشتی چهار راه چنگلده,01734222415,1,10700000132
ولی عصر(عج),گلستان,علی آبادکتول,فاضل اباد,NULL,علی آبادکتول،فاضل اباد،خیابان امام خمینی،روبروی بانک ملت,017-34262055,2,10700000282
امام جعفرصادق(ع),گلستان,علی آباد کتول,علی اباد کتول,NULL,علی آباد کتول،خیابان امام رضا(ع)،جنب هتل خندان,01734223907-34224507,4,10700000468
حجت ابن الحسن(عج),گلستان,گالیکش,NULL,گالیکش,خیابان امام خمینی ره بعد از خیابان صاحب الزمان عج,01735830414,5,10700000677
جوادالائمه(ع),گلستان,مینودشت,NULL,NULL,خیابان سید جمال الدین اسد ابادی بعد از چهارراه برق,01735224303,4,10700000491
ذخیره رضوی,تهران,NULL,NULL,NULL,قلهک-خیابان شریعتی-خیابان دولت-مقابل کلانتری-مسجد اعظم,22603659-22001888,2064,10100175879
حجت ابن الحسن(عج),تهران,NULL,NULL,NULL,خیابان شریعتی،نرسیده به سه راه زندان(باغ صبا)،مسجد نوریان پلاک 4,02188413955,2815,10100199721
هجرت,تهران,NULL,NULL,NULL,میدان رسالت،اول خیابان طرقی،جنب مسجد الرسول،ساختمان نوریخواه،طبقه فوقانی بانک سپه,77896912,2545,10100192972
محبان امام جعفرصادق(ع),تهران,NULL,سیدخندان خ شریعتی ک حافظ پ 18 ط1,NULL,خیابان شریعتی،بالاتر از پال سید خندان،کوچه حافظ،پلاک 18،طبقه اول,22872210-22862300,7899,10100347340
اندوخته غدیر,تهران,NULL,NULL,NULL,خیابان امام خمینی،حسن آباد،جنب مسجدمجدبازار ابرار یراق،پلاک 228,66704656,3003,10100204017
کوثر,تهران,NULL,NULL,NULL,خیابان 15 خرداد-روبروی مسجد امام خمینی-پلاک553,33906120,2262,10100184226
جوادالائمه(ع),تهران,NULL,NULL,NULL,خیابان 15 خرداد،نرسیده به چهارراه سیروس،کوچه بازار آهنگر ها،پلاک 24,02155620719-55152060-55152070,2112,10100178244
ایثارگران,تهران,NULL,NULL,NULL,فلکه دوم تهران پارس،خیابان جشنواره، خیابان شهید معینی نژاد،شهرک شاهد،جنب مسجد قمربنی هاشم(ع),77781888-77329391,8743,10100372408
نیمه شعبان,تهران,NULL,NULL,NULL,خیابان 15 خرداد،انتهای بازار آهنگران،بازار چهل تن،پلاک 104،سرای حاج محمد علی،طبقه دوم واحد 33,02155151578,2894,10100201029
ازدواج,تهران,NULL,NULL,NULL,بازار-سرای حاج حسن,55625330-55611685,2432,10100189765
مسجد شهدای خیبر,تهران,NULL,NULL,NULL,اتوبان آهنگ ،خیابان 17 شهریور،بزرگراه شهیدمحلاتی،نرسیده به خیابان شهیدفجر(عارف)،مسجد شهدای خیبر,33732702-33708878,2863,10100200539
ذخیره محمدیه,تهران,NULL,NULL,NULL,"خیابان 15 خرداد،روبروی نوروزخان،اول کوچه همایون،سرای محمدیه،پلاک 41, 35",33973809-10-33963081,3008,10100204167
امام حسن مجتبی(ع),تهران,NULL,NULL,تهران,خیابان 15 خرداد،بعد از چهارراه شهید مصطفی خمینی،جنب مسجد امام حسن(ع),33566969-33568822,2653,10100195956
ذخیره برکت نو,تهران,NULL,NULL,NULL,خیابان قزوین،نرسیده به چهار راه ملک,55377727-8,2083,10100176812
امام مجتبی(ع),تهران,تهران,NULL,NULL,خیابان 17شهریور،خیابان شهید درودیان(دلگشا)،پلاک 277,33347250-33336577,2799,10100199434
اندوخته امین,تهران,NULL,NULL,NULL,خیابان پیروزی،سه راه سلیمانیه،خیابان بیمارستان فجر،جنب مخابرات،پلاک8,33341095-33783927-33340349,1944,10100170042
ذخیره امام زمان(عج),تهران,NULL,NULL,NULL,بازار،سرای عالی جدید،طبقه دوم,55637981,2323,10980041754
مکتب الزهرا(س),تهران,NULL,NULL,NULL,خیابان پیروزی،سه راه شکوفه،بلوار نیکنام،میدان سر اسیاب دولاب،خیابان شهید کندی،چهارراه حاجی قربانی,33183256,3219,10100210417
نورالهدی,تهران,تهران,NULL,NULL,خیابان سبلان شمالی،خیابان شهید محسن ازادی،چهار راه شهید نوری،جنب مسجد حجت بن الحسن(عج)،پلاک 137,88420025,2582,10100194064
امام زمان(عج),تهران,NULL,NULL,NULL,خیابان آزادی،نبش خیابان بهبودی،مسجد امام زمان(عج),66438877-66572494,2976,10100203230
اندوخته نیکان,تهران,NULL,NULL,NULL,خیابان شریعتی .ضلع شمال شرق پل همت .نبش دشتستان یکم . .پلاک 1043,02122843341-33914490-22874190,1628,10100154689
شفیع,تهران,NULL,NULL,NULL,میدان محمدیه، خیابان خیام جنوبی، شماره ۲۲۷,02155607122,2340,10100187155
انصارالمهدی(عج),تهران,NULL,NULL,تهران,تهران نو،ایستگاه ابوریحان كوچه كربلائي مهريزي مسجد بقيه الله,02177918682,2482,10100191251
سلمان فارسی,تهران,تهران,NULL,NULL,خيابان 17 شهريور،بزرگراه شهید محلاتی، بعد از ارجمندي راد،نرسيده به بزرگراه امام علي،پلاک 130,33715173-33010341,3111,10100207248
فجرنور,تهران,NULL,NULL,NULL,خیابان شهید رجایی،سه راه علی آباد،خیابان ابریشم،مسجد جامع علی آباد,55090207,2798,10100199420
مسجد الغدیر,تهران,NULL,NULL,NULL,خیابان میرداماد،خیابان زرنگار،درب شمالی مسجد،شماره 147،طبقه دوم,02122253600-22229064,2388,10100188481
امداد امام,تهران,NULL,NULL,NULL,میدان بهارستان،روبروی مدرسه عالی شهید مطهری،خیابان شهید مصطفی خمینی،پلاک904,33900010-33913192,3012,10100204279
شهید صدر,تهران,NULL,NULL,تهران,خیابان 15 خرداد غربی،نرسیده به چهار راه گلوبندک،ساختمان بهروز,55631592-55606230,2965,10100202890
فتح الزهرا(س),تهران,NULL,NULL,NULL,میدان سپاه،خیابان سپاه جنوبی،جنب پل هوایی،بن بست شادی,77536697,2475,10100191038
امین,تهران,NULL,NULL,تهران,میدان رازی،خیابان آیت الله ایروانی،سه راه سهراب،جنب مسجد ابوالفضل(ع)کوچه معماریان پلاک 13,02155644555,1899,10100167916
طریق القدس,تهران,NULL,NULL,NULL,خیابان خزانه بخارایی،نرسیده به ترمینال جنوب،روبروی پارک بعثت،مسجد قدس,55302905,2805,10100199546
اندوخته اسلامی حر,تهران,NULL,NULL,NULL,بازارکوچه حمام چال کوچه بازار امیر پلاک 247سرای آزادی طبقه اول واحد109,2155609057-55810502,2523,10100192404
مسجد محمدی,تهران,تهران,NULL,NULL,بیست مجیدیه جنوبی،ده متری آذری،خیابان شهید امیری،مسجد محمدی,22528510,2592,10100194370
مسجد امام حسین(ع),تهران,NULL,NULL,NULL,میدان امام حسین، ابتدای خیابان دماوند، کوچه اسلامی،پاساژ بازار دماوند،طبقه اول،واحد24,33303293,2110,10100178147
رحمتیه,تهران,NULL,NULL,NULL,میدان شهدا،اول خیابان پیروزی،خیابان شکوفه،مسجد رحمتیه،پلاک 355,02133277748-33344418-33347151,2927,10100201791
انصارالحسین مومنین,تهران,NULL,NULL,NULL,خیابان 15 خرداد،بازار نوروزخان،پاساژکاشفی،طبقه اول,55610854,8388,10100361873
مهدیه خامنه,تهران,NULL,NULL,NULL,انتهای مجیدیه جنوبی میدان سبلان ضلع شمالی، هیأت مهدیه خامنه,88433010,1937,10100169713
خاتم الانبیاء(ص),تهران,NULL,NULL,NULL,اتوبان شهید محلاتی(آهنگ)،خیابان شهید وفایی برومند،مسجد سنگی، جنب درب اصلی مسجد خاتم الانبیاء(ص),33557566,14191,10100533154
امام سجاد(ع),تهران,NULL,NULL,NULL,خیابان 15 خرداد،جنب مسجد امام خمینی،سقاخانه نوروزخان،پاساژ بوذرجمهری,55605996,2503,10861958689
رفاه,تهران,NULL,NULL,NULL,خیابان 15 خرداد،خیابان مصطفی خمینی،بازار سید اسماعیل،اول سه راه نجارها،مسجد امام حسن(ع)،پلاک50,55618086-55606465,2353,10100187520
محبان ولی عصر(عج),تهران,NULL,NULL,NULL,خیابان شهید بهشتی،خیابان خالد اسلامبولی،بین کوچه نهم و یازدهم ساختمان،105 طبقه دوم واحد 6,88725050,2992,10100203681
غدیر مسجد الانصارحجت(عج),تهران,تهران,NULL,NULL,خیابان خاوران،بعد از سه راه عارف،پلاک 948,33736272,11002,10100439134
باب الحوائج قمربنی هاشم(ع),تهران,NULL,NULL,NULL,خیابان قزوین،دوراهی قپان،خیابان شهید فرهنگ،خیابان شهید پهلوانی،پلاک115,55707755,2376,10100188180
ذخیره جاوید,تهران,NULL,NULL,NULL,خیابان خراسان،خیابان لرزاده،جنب مسجد لرزاده,33555164-3356536,1245,10100133636
مسجد المهدی(عج),تهران,NULL,NULL,NULL,میدان بهارستان،خیابان ری،سه راه امین حضور،خیابان شهید دیالمه,33128212,9300,10100388938
نبی اکرم(ص),تهران,NULL,NULL,NULL,خیابان دکتر شریعتی ،بالاتر از سه راه طالقانی،نبش خیابان شهید خداپرست،پلاک 302,77503355,2946,10100202336
آذربایجانیهای مقیم مرکز,تهران,تهران,NULL,NULL,میدان منیریه،ابتدای خیابان منیریه،پلاک49,66462067,2932,10100201924
قائم(عج) مسجد اکباتان,تهران,NULL,NULL,NULL,میدان امام خمینی،خیابان سعدی جنوبی،خیابان ملت،خیابان اکباتان،جنب مسجد اکباتان,33971919,2530,10100192540
رفاه کارگر,تهران,NULL,NULL,NULL,جاده خاوران،شهرک مسعودیه،اول شهید کلهر،ساختمان رفاه،پلاک 620,33483030,2335,10100186986
ذخیره قائم(عج),تهران,NULL,NULL,NULL,یافت آباد،بلوار الغدیر،خیابان شهید مرتضی زندیه،خیابان شهید مصطفی هاشم،نرسیده به بانک صادرات،پلاک 103,66809941 - 66805700,1720,10100159100
وحدت فاطمیه,تهران,NULL,NULL,09127625776علی احمدی مدیرداخلی,خیابان17شهریور،میدان شهدا،ایستگاه ناصریی،خیابان شهید آذرباد،پلاک 59,33330759-33319091,2308,10100185985
ذخیره سعادت,تهران,NULL,NULL,NULL,خیابان خزانه بخارایی،فلکه سوم،خیابان 12 متری مسجد فاطمیه،پلاک 6,55301850-55074993,2701,10100197067
بنی فاطمه(س),تهران,NULL,NULL,NULL,خیابان امیرکبیرشرقی حسینیه بنی فاطمه (س)پاساژ بنی فاطمه (س),02133522012-5,2767,10100198792
رفاه,تهران,NULL,NULL,NULL,خیابان وحدت اسلامی،خیابان مهدیخانی،روبروی کوی قوام,55389990,2182,10862068677
فدک,تهران,NULL,NULL,NULL,جاده خاوران،شهرک مسعودیه،بیست متری پیام،(شهیدطاهری)پلاک116,33871515-33481515,11398,10100450684
مسجد الزهرا(س) شهرآرا,تهران,NULL,NULL,NULL,خیابان ستارخان،شهر آرا،خیابان 25،مسجد الزهرا(س),02188267002,10217,10100416109
پس انداز مسلمین,تهران,NULL,NULL,NULL,خیابان پیروزی،چهار راه کوکاکولا،ابتدای خیابان شهید افراسیابی،پلاک 515,77477356,1918,10100168799
حجتیه,تهران,NULL,NULL,NULL,خیابان17شهریور،سراسیاب دولاب،میدان سراسیاب،مقابل بانک صادارت,33365999,2125,10100178890
جاودان گلستان,تهران,NULL,NULL,NULL,خیابان17شهریور،خیابان کرمان،خیابان محبی(گلستان سابق),33784064-33343336,2493,10100191515
والفجر,تهران,NULL,NULL,NULL,خیابان ایران،خیابان احمدی،خیابان گوته،مسجد سید الشهدا(ع),33567373-09121388092خطیبی,3362,10100214580
فاطمه زهرا(س),تهران,تهران,NULL,NULL,خیابان پیروزی،بلوار ابوذر،بعداز پل دوم،کوچه شهید مطهری،پلاک 3,33161485 -09194176468,2865,10100200558
مسلم بن عقیل,تهران,NULL,NULL,NULL,مهراباد جنوبی،خیابان دانشگاه هوایی جنوبی،پلاک 58,66698546-09123706101واحد,2774,10100199016
صنف تعمیرکاران دوچرخه و موتور,تهران,تهران,NULL,NULL,خیابان مولوی،بعد از وحدت اسلامی،روبروی ساعت مشیرالسلطنه،اتحادیه صنف تولیدکنندگان قطعات وتعمیرکاران دوچرخه وموتورسیکلت,02155393262,12255,10100475878
امام منتظر(عج),تهران,NULL,NULL,NULL,بزرگراه نواب صفوی،انتهای خیابان شهیدمحبوب مجاز(سینا غربی)،جنب مسجد زینبیه،کوچه شهید احمدیان،پلاک 13,02155766742,2819,10100199789
پیروان حضرت مهدی(عج),تهران,تهران,NULL,NULL,خیابان آذربایجان،بین خیابان  قصرالدشت و خوش،کوچه علی(ع)، جنب مسجد ، پلاک 1+12,02166370093,8435,10100363267
اندوخته نبوی,تهران,تهران,NULL,NULL,خیابان مطهری،بعداز جهارراه مفتح،خیابان شهید علی اکبری،خیابان شهید میرزایی زینالی،کوچه شهید پاکزادنیا،سرای محله عباس آباد،اندیشه طبقه2,02188746161,2260,10100184148
شهیدمجید حداد عادل,تهران,تهران,NULL,NULL,خیابان ری،خیابان شهید حداد عادل(صفاری سابق),33901234,10161,10100414409
ولی عصر حجت ابن الحسن(عج),تهران,تهران,NULL,NULL,خیابان حسام الدین،انتهای خیابان جیحون،بعد از خیابان تیموری،جنب مسجد حضرت حجت ابن الحسن(عج),55708007,2516,10100192200
جاوید امام صادق(ع),تهران,NULL,NULL,NULL,نارمک،خیابان سمنگان،مسجد جامع,77810808,2536,10100192706
امام رضا(ع),تهران,NULL,NULL,NULL,خیابان خیام شمالی-مقابل درب شرقی پارک شهر-کوچه شهید روحی,021-33924353,8715,10100371576
امام حسن مجتبی(ع),تهران,NULL,NULL,NULL,خیابان جمهوری،بعد ازچهار راه استامبول،کوچه مسجد هدایت،پلاک 57,33916230,11522,10100455241
انصارالحسین(ع),تهران,NULL,NULL,NULL,جوادیه،ده متری دوم،کوچه طالقانی،مسجد انصارالحسین(ع) کلوری های مقیم مرکز,02155667012,3488,10100218302
پس  انداز جاوید,تهران,NULL,NULL,NULL,خیابان طالقانی، بین خ فرصت ( شهید موسوی) و خ مفتح، پلاک 256,02188309021-23,1868,10100166461
امام جواد(ع),تهران,NULL,NULL,NULL,بازار،خیابان 15 خرداد،پامنار،روبروی مسجد لاریجانی,2133910158-33921199,10352,10100420015
رمضان,تهران,NULL,NULL,NULL,میدان قزوین اول خیابان قزوین،پاساژفرجی،طبقه اول،پلاک 108,55406869-55411697,9120,10100383534
بیت المقدس,تهران,NULL,NULL,تهران,جاده خاوران،شهرک مشیریه،خیابان سازمان اب،جنب مسجدامام حسن مجتبی(ع),02133864220,2404,10100188940
ذخیره صادقیه,تهران,NULL,NULL,NULL,اوین،خیابان شهید کچویی،روبروی بانک صادرات,22402254,2573,10100193819
اندوخته جاوید,تهران,NULL,NULL,NULL,بازار،خیابان 15 خرداد-انتهای بازار کفاشها-سرای رحمتیه اول,021-55804428,1490,10100147839
ذخیره قبا,تهران,NULL,NULL,NULL,خیابان شریعتی،جنب حسینیه ارشاد، خیابان قبا,02122844477,2514,10100192140
مسجد الرسول(ص),تهران,NULL,NULL,NULL,سعادت آباد،میدان شهید تهرانی مقدم( کاج)،اول سرو غربی بین بانک سامان و تعاونی پلاک یک,22065456-22088788,7769,10100343496
مقدس اردبیلی,تهران,تهران,NULL,تهران,خیابان 15 خرداد غربی،نرسیده به پمپ بنزین,55606869,2298,10100185586
فردوس شکوفه انقلاب,تهران,NULL,NULL,NULL,خیابان مولوی،بازارمولوی (امین السلطان) ،سرای علاقبند,55631433-55628762,2537,10100192730
الجواد مسجد امام تقی(ع),تهران,NULL,NULL,NULL,خیابان پیروزی، 2متری دهقان،کوچه اسلامی،پلاک 3  (فعالیت صندوق روزهای زوج میباشد),33344071,2212,10100182302
موده شجره سادات,تهران,تهران,NULL,NULL,خیابان 17 شهریور،نرسیده به میدان شهدا،خیابان کفائی،خیابان سادات،پلاک 62,02177654133,14723,10100548305
مطهر,تهران,NULL,NULL,NULL,اتوبان اهنگ،عارف شمالی،بزرگراه شهید محلاتی،خیابان مخبر شمالی،جنب مسجد خداداد پلاک 472,33039454,9187,10100385540
ام البنین(س),تهران,NULL,NULL,NULL,خیابان ناصر خسرو،سرای سقا باشی،پایین تر از کوچه مروی،طبقه دوم،پلاک 38,33952627-9,13050,10100499448
باب الحوائج (ع),تهران,NULL,NULL,NULL,قلهک،خیابان شریعتی،بالاتر از میرداماد،ایستگاه مینا،پلاک 1204،طبقه دوم,22252645,2583,10100194119
متوسلین قمر بنی هاشم(ع),تهران,NULL,NULL,NULL,خیابان خیام جنوبی،ایستگاه اصفهانیها،پلاک 42،طبقه دوم عکاسی گلشن,55604878,8733,10100372110
مسجد الزهرا(س),تهران,NULL,NULL,NULL,خیابان 15 خرداد،نوروز خان،کوچه مسجد جامع،پاساژ نوروز,55625283-55633797,8458,10100363987
الزهرا(س) محدثه,تهران,NULL,NULL,NULL,بازار،کوچه مسجد جامع،سرای صفا,55610155,11126,10100442662
شیعه جعفری,تهران,NULL,NULL,NULL,خیابان 17 شهریور،نرسیده به چهارراه دروازه دولاب، سمت چپ،خیابان حاجیان فرد ،پلاک  30,33676128-127,12082,10100470869
کانون بازنشستگان صنایع مس,تهران,تهران,NULL,NULL,یوسف آباد،خیابان ابن سینا،پلاک 83 ،طبقه ششم،واحد 1,88554837,9476,10100394107
امداد اسلامی,تهران,NULL,NULL,NULL,بازار،خیابان خیام،بازار پاچنار،کوچه فراشباشی،پلاک 81,55638888-55622978,7911,10100347694
حضرت ثامن الائمه(ع),تهران,NULL,NULL,NULL,نیروی هوایی،خیابان دماوند،خیابان 30 متری نیروی هوایی،کوچه آقاجانی غربی,77419975,11361,10100449635
حمزه سیدالشهدا دروس,تهران,NULL,NULL,NULL,خیابان دولت(کلاهدوز)،خیابان آقامیری،چهاراه قنات،خیابان بهداد،کوچه هدایت،مسجدهدایت,22555187,12324,10100477939
پیوند امام سجاد(ع),تهران,NULL,NULL,NULL,میدان خراسان،خیابان خراسان،مقابل مسجد ایت الله فومنی،پلاک 228,33138080,8974,10100379214
محمد رسول اله (ص) امین,تهران,تهران,NULL,NULL,بزرگراه خرازی،خروجی کاشان جنوب،میدان موج، بلوار علامه قزوینی،دانشگاه صدرا,02140445869,10504,10100424520
پس انداز رسالت,تهران,NULL,NULL,تهران,میدان بهارستان،خیابان صفی علی شاه ،نبش کوچه درویش،حسینیه صنف سراجان،پلاک 2,55819910-11,2272,10100184585
قائم آل محمد(عج),تهران,تهران,NULL,NULL,پل سیدخندان،خیابان خواجه عبدالله انصاری،خیابان ابوذر جنوبی،پلاک 21,22864799-22865022-22880555,8984,10100379495
مسجد انصارالحسین(ع),تهران,NULL,NULL,NULL,نیروی هوایی،خیابان پنجم نیروی هوایی،مسجد انصارالحسین(ع),77479996,3366,10100214708
مسجد امیرالمومنین(ع),تهران,تهران,NULL,NULL,شهرک ژاندارمری-بلوار مرزداران- خيابان ايثار- جنب مسجد اميرالمومنين (ع)- پلاك30-طبقه اول,44243566-44251133,13207,10100504073
ولایت علی,تهران,NULL,NULL,NULL,خیابان ایرانشهر جنوبی،روبروی مسجد جلیلی،پلاک 43،طبقه همکف,88848081,2477,10100191095
مسجدالنبی(ص)شهید عسگری آزاد,تهران,NULL,NULL,NULL,میدان صنعت،فاز یک،خیابان ایران زمین،خیابان گلستان،مسجدالنبی(ص),88363121,10844,10100434499
حضرت علی اصغر(ع),تهران,تهران,NULL,NULL,شهید محلاتی،خیابان شهید احمد کیانی،(اصفهانک)، ، خیابان شهید سیدحسن میرهاشمی ، پلاک 110 ، طبقه اول,33027054-33010427,9751,10100402250
امام حسن مجتبی(ع),تهران,NULL,NULL,تهران,بازار اهنگرها،بازار چهل تن،سرای دالان دراز اب انبارقدیم,55816688-55807228,15171,10100561667
ذخیره المهدی(عج),تهران,NULL,NULL,NULL,خیابان خاوران،مقابل پارک فدائیان اسلام-جنب مسجد حضرت عباس (ع)(خواروبار فروشی سعید),33739407,2504,10100191855
امام رضا(ع),تهران,تهران,NULL,NULL,میرزای شیرازی،بین خیابان شهید بهشتی و شهید مطهری،کوچه شهید مقدم،مسجد کمیل,88554674-88711500,49172,14008983645
حمزه سیدالشهدا(ع),تهران,تهران,NULL,NULL,جاده قدیم کرج،شصت و پنج متری فتح،کوی 17 شهریور،جنب مسجد حضرت ابوالفضل(ع),66803375,3289,10100212419
پیروان امام حسن عسگری(ع),تهران,NULL,NULL,NULL,خیابان بهار شمالی،کوچه شهید محمدی،کوچه مسجد خرقانی کوچه آجودانی,77624296-77515091,48205,14008631943
صنف چینی و بلور,تهران,NULL,NULL,NULL,میدان شوش، خیابان فدائیان اسلام،کوچه شهید عبدالله طرقی،       (کوچه چهاردهم) مسجد چهارده معصوم (ع),02155602762,9123,10100383631
خدمات اسلامی,تهران,NULL,NULL,NULL,خیابان 15 خرداد،اول پامنار،ساختمان گل،طبقه همکف،واحد 6,02133909470-33904321,2152,10100180066
قائم(عج) قهرودیها,تهران,NULL,NULL,NULL,وحدت اسلامی،خیابان فرهنگ،جنب حسینیه قهرودیها،پلاک 83,55365302,2239,10100187117
حمایت اتاق اصناف,تهران,NULL,NULL,NULL,خیابان شریعتی،بعد از ملک،پلاک 456,88461360-85543100-2,12342,10100478452
امام زمان(عج),تهران,شهرقدس,NULL,NULL,شهرقدس،خیابان آزادی،سه راه دوم،پلاک246,46826118,41,10861354180
والفجر,تهران,شهرقدس,شهر قدس,NULL,شهرقدس،خیابان امام خمینی،ابتدای بلوار شهیدقربانی,46823777-46824777,54,10861370148
صاحب الزمان(عج),تهران,شهرقدس,NULL,NULL,شهرقدس، میدان مصلی، اول بلوار امام حسین (ع)،نبش هجرت یکم پلاک 1,46830166,14,10100003499
جوادالائمه(ع) رضوی,تهران,NULL,NULL,تهران,خیابان سبلان شمالی،سر موتورآب،خیابان شهید مطلب نژاد،نبش کوچه شهید دولت آبادی،پلاک183,88411200,13426,10100510585
معلولین,تهران,تهران,NULL,NULL,میدان هفت تیر،کوچه شاهرخ،پلاک 8،واحد 12,02188304271,3130,10100207803
صاحب الامر(عج),تهران,NULL,NULL,NULL,شمیران،خیابان شریعتی،خیابان شهیدبرادران واعظی،خیابان شهیدبرادران سلیمانی،مسجد صاحب الامر(عج),02122219323,10661,10100429090
صاحب الزمان(عج),تهران,NULL,NULL,NULL,یافت آباد،خ شهید میر هاشمی ، میدان شهید میر هاشمی ، جنب مسجد صاحب الزمان(عج),66819146-66825118,12808,10100492247
برگ سبز هنرمندان,تهران,NULL,NULL,تهران,خیابان سمیه، بین خیابان نجات الهی و حافظ، ساختمان مرکزی حوزه هنری,02188807995,11802,10100462642
طلایه داران ولایت علوی,تهران,NULL,NULL,NULL,خیابان مجاهدین،چهارراه آبسردار،خیابان ایران،نبش کوچه نظام،پلاک 1، طبقه اول,02133131334 -- 33501130,45353,14007792294
پس انداز جاوید ظهیرالاسلام,تهران,تهران,NULL,NULL,خیابان ظهیرالاسلام،خیابان آزادخواه،نبش بنبست آرایش،پلاک4،طبقه اول,33949991,47336,14008375868
پس انداز جاوید بازار,تهران,NULL,NULL,NULL,بازار، کوچه بازار چهارسوق بزرگ، کوچه بازار مسجدجامع، پلاک 43، ساختمان صفا، طبقه همکف,55607777_55604343,47578,14008434641
پس انداز جاوید اکباتان,تهران,تهران,NULL,NULL,خیابان امیرکبیر، ابتدای خیابان ملت،  مجتمع تجاری جاوید، پلاک 19، طبقه منفی 1 ، واحد 105,33900806-8,47575,14008434582
سنن النبی,تهران,NULL,NULL,NULL,خیابان 17شهریور،خیابان فیاضبخش،نبش برادران احمدی،جنب مسجد فائق,02136831284,49144,14008974734
پس انداز جاوید صف,تهران,NULL,NULL,NULL,خ جمهوری،محله باغ سپهسالار،خ صف ، پلاک 15،طبقه همکف,02133977976,50910,14009679127
امام حسین (ع) مسجد جعفری قیطریه,تهران,NULL,NULL,NULL,شریعتی ، بالاتر از پل رومی ، بلوار صبا ، خ شهید کریمی ، مسجد جعفری قیطریه ، طبقه دوم,22219151--22211347,51778,14010102110
طوس قلهک تهران,تهران,NULL,نهران,تهران,قلهک پارک زرگنده جنب امام زاده اسماعیل مسجدامام حسین(ع) طبقه اول,02122600020,2249,10100183717
حضرت جوادالرضا(ع),تهران,NULL,NULL,NULL,فلکه دوم تهرانپارس،انتهای خیابان جشنواره،خیابان شهید سیری،کوچه شهید منتظری شرقی،پلاک 58,02177969899,10478,10100423742
اویس قرنی,تهران,NULL,NULL,NULL,خیابان شکوفه ، خیابان شهید درودیان، میدان کلانتری، مسجد ارباب,02133355529,3049,10100205396
حضرت ولی عصر (عج),تهران,NULL,NULL,NULL,خیابان 15 خرداد - بازارآهنگرها - کوچه مسجد جامع- بن بست ثقفی- پاساژ امیر- پلاک 6,02155573855,44794,14007622131
شهید رجایی درکه,تهران,NULL,NULL,NULL,شمیران، درکه، خیابان شهید میراسماعیلی، مسجد جامع درکه,22419408- 22400535,2443,10100190115
اندوخته فدک حضرت زهرا (س),تهران,تهران,تهران,NULL,خیابان 15خرداد،بازار آهنگرها،کوچه سیدمحمد صراف (کمال رشیدی)، پاساژ شهرابی، طبقه 2,02155621315-558116557,9427,10100392709
حضرت ابوالفضل(ع),تهران - جنوب,شهر ری,ري,NULL,پل سیمان،خیابان عزیزنژاد،خیابان شهادت،کوچه شهیدتوکلی,33745287,2200,10100181846
امام حسن عسگری(ع),تهران - جنوب,شهر ری,ری,NULL,خیابان سرگرد مسعود محمدی-مقابل کارخانه سیمان-جنب مسجد,33740905-33755616-33775090-36656080-36656090,2074,10100176335
قمربنی هاشم هشرودیهای مرکز,تهران - جنوب,شهر ری,ری,NULL,صفائیه-محله شهدا-خیابان نادم-مسجد حضرت رسول اکرم-طبقه اول,33753331,3066,10100205869
حر ریاحی,تهران - جنوب,شهر ری,باقرشهر,باقر شهر,جاده قدیم قم نرسیده به بهشت زهرا(س)باقرشهر,55200622,2300,10100185650
شهدای هفتم تیر,تهران - جنوب,شهر ری,حسن ابادفشافویه,حسن آباد,جاده قدیم  قم-کیلومتر 36 حسن اباد-فشافویه-بلوار امام خمینی-جنب بانک تجارت-پلاک804,56223755-56222555,3149,10100208365
شهداء دولت آباد,تهران - جنوب,شهر ری,ری,شهرک دولت آباد,دولت آباد، فلکه سوم، خیابان شهید جعفری، پلاک61,2102133771070,3306,10100212920
حجت ابن الحسن(عج),تهران - جنوب,شهر ری,ری,NULL,شهرری -خیابان شهیدبیات(خ24متری ذکریای رازی) - کوچه مسلم ابن عقیل(ع)پلاک 81,55904183,2092,10100177277
ولیعصر (عج) شهرری,تهران - جنوب,شهر ری,ری,NULL,خیابان فدائیان اسلام پل سیمان خیابان شهید سرگرد مسعود محمدی جنب بانک مهراقتصاد پلاک 400 طبقه اول,36807250,12257,10100475941
فرهنگیان شهر ری,تهران - جنوب,شهرری,ری,NULL,شهرری،خیابان فدائیان اسلام،35 متری امام حسین(ع)،جنب اداره آموزش و پرورش،پلاک140،طبقه همکف,55917521-55938742,11186,10100444455
ولی عصر(عج),تهران - جنوب,ورامین,خیرآباد,NULL,خیابان شهید زواره،بعداز بوستان2,36232305-36238878,176,10100033532
شهید رجایی,تهران - جنوب,ورامین,NULL,شهرک مدرس,ورامین،شهرک مدرس(گل تپه)خ شهید بهشتی،روبروی مسجد صاحب الزمان(عج),02136232757,373,10100025409
ذخیره فاطمی,تهران - جنوب,ورامین,NULL,NULL,خیابان مسجد جامع-روبروی بانک صاذرات  ومسجد صاحب الزمان(عج),36254028-36254012,371,14000078950
حیدری ها,تهران - جنوب,ورامین,NULL,ورامین,خیابان شهید دکتر بهشتی، بالاتزر از فرمانداری,36257078-36267078,163,10100031545
جان نثاران قرآن,تهران - جنوب,ورامین,NULL,ورامین,ورامین،کارخانه قند،ایستگاه صادقعلی،پلاک188,36247298-36269520,396,10100055835
جعفریه پیشوا,تهران - جنوب,ورامین,پيشوا ميدان امام خ امام جنب كوچه شهيد سيل سپور,پیشوا,خیابان امام خمینی-روبروی داروخانه شبانه روزی,36722992-36722412,56,10100022955
حجت ابن الحسن عسگری(ع),تهران - جنوب,پاکدشت,NULL,NULL,جاده خاوران-ورامین-کیلومتر 45 پاکدشت-میدان شهدا-اول کوچه ولیعصر(عج),36022825-36020928,371,10100094258
توحید فرهنگیان,تهران - جنوب,ورامین,پیشوا,NULL,خیابان شریعتی ، جنب هنرستان دخترانه سرمد,36726600,61,10860138679
پارچینیان,تهران - جنوب,پاکدشت,پارچین,NULL,پاکدشت میدان شهید سردار سلیمانی بلوار پارچین شهرک شهید مطهری بلوک15,36077630,2107,10100178016
ذخیره مسجد جامع,تهران - شرق,دماوند,NULL,NULL,دماوند،کوچه نواب صفوی,76323664,28,10100006599
ذخیره قائم(عج),تهران - شرق,دماوند,NULL,NULL,میدان 17شهریور-بلوار شهرداری-جنب سازمان اب,02176322268,36,10100008489
الغدیر,تهران - شرق,دماوند,آبعلی,رودهن-ابعلی,رودهن،آبعلی،خیابان امام خمینی،جنب اداره گازآبعلی,76532125,83,14008558961
حضرت امیر(ع),تهران - شرق,بومهن,NULL,NULL,روبروی مخابرات,76222955,5,10100001332
جامع امین,تهران - شرق,دماوند,گیلاوند,NULL,بلوار آیت اله خامنه ای ، پلاک 281,76314174,10,10100079097
الرحمن,تهران - غرب,اسلامشهر,NULL,NULL,اسلامشهر،میدان نماز،کوی احمدیه،خیابان علی بن ابیطالب(ع)،نبش کوچه 32،پلاک341,56346030-56346566,2828,10100199926
ذخیره انقلاب اسلامی,تهران - غرب,رباط کریم,NULL,رباط کریم,جاده ساوه-کیلومتر 36 رباط کریم-پلاک672,56433811-56422275,80,10100017750
خیبر رباط کریم,تهران - غرب,رباط کریم,NULL,NULL,بعداز فرمانداری-میدان شهید بهشتی ابتدای بلوار امام خمینی نبش کوچه شهید عباسی,56420018-56423362,68,10100015121
امام زمان(عج),تهران - غرب,چهاردانگه,NULL,شهرک گلشهر,چهاردانگه،شهرک گلشهر،نبش میدان شهداء،روبروی بانک ملی,55242232-55240279-55276003,2785,10100199210
ذخیره امام حسن مجتبی(ع),تهران - غرب,چهار دانگه,NULL,NULL,بزرگراه آیت الله سعیدی،چهار دانگه،نبش بلوار فارسیان,55243232-55245474,2160,10100180334
محمد رسول اله(ص),تهران - غرب,جاده ساوه,NULL,چهاردانگه,خیابان شهید محمد حسن میدان شهید درویش,02155245833,2970,10100203035
امیر المومنین(ع),تهران - غرب,بهارستان,نسیم شهر,NULL,نسیم شهر،خیابان امام خمینی،محله اسماعیل آباد،جنب مسجد امیرالمومنین(ع)،پلاک 176,02156754699,5,10100001347
امام حسن مجتبی(ع),تهران - غرب,اسلامشهر,NULL,شهرک سالور,اسلامشهر،شهرک سالور،بلوار بسیج،خیابان شهیدحدادی،نبش کوچه سی وششم،پلاک28,56464669,13005,10100498126
خیراندیشان بهارستان(مسلم بن عقیل),تهران - غرب,رباط کریم,تهران,نسیم شهر,شهرک احمد آباد جانسپار-خیابان یادگار امام-پلاک 85,56752407,128,10100026471
وحدت,تهران - غرب,رباط کریم,رباطکریم,تقی آباد,رباط کریم،ابتدای خیابان شهداء,02156424411,183,10100034436
صاحب الزمان(عج),تهران - غرب,رباط کریم,NULL,خیرآباد,نسیم شهر- خیر اباد - بلوار امام خمینی (ره) - صندوق قرض الحسنه صاحب الزمان (عج),56645511,4,10100001119
زین العابدین(ع),تهران - غرب,بهارستان,نسیم شهر,بخش بوستان ، شهرک همدانک,بهارستان،نسیم شهر،بخش بوستان ، شهرک همدانک،خیابان شهید عابدین زاده،بین گلستان 5 و 6، پلاک 116,02156573736,3,10100000633
صالح آباد رباط کریم,تهران - غرب,بهارستان,NULL,صالح آباد,خیابان سی متری ولیعصر(عج)،روبروی مسجد صاحب الزمان(عج)،بش خیابان شهیدکشوری,56622424,6,10100001537
باب الحوائج(ع),تهران - غرب,شهریار,NULL,قصطانک(وحیدیه),شهر وحیدیه-خیابان امام خمینی-جنب بانک صادرات,65636844-65632407,18,10100004223
سعیدآباد,تهران - غرب,شهریار,باغستان,سعیدآباد,شهریار،باغستان،سعیدآباد،روبروی مسجد خیابان خلج پلاک 9,65603540,33,10100007834
ذخیره ولی عصر(عج),تهران - غرب,شهریار,NULL,NULL,ابتدای خیابان ولیعصر,65229054,29,10100006829
هجرت,تهران - غرب,شهریار,شاهدشهر,NULL,شهریار،شاهدشهر،میدان امام خمینی،پلاک  24,02165442260,37,10100008586
ولی عصر(عج),تهران - غرب,ملارد,صفادشت,NULL,میدان شهید خرقانی پلاك 251,02165432533,69,10100015516
ولی عصر(عج),تهران - غرب,شهریار,NULL,رزکان,میدان نماز-شهرک رزکان - خیابان ولیعصر(عج)-کوچه شقایق2-پلاک33,02165933350,26,10100006170
ولی عصر(عج),تهران - غرب,شهریار,وحیدیه,وحیدیه جوقین,شهریار،وحیدیه جوقین،خیابان شهید ملا بیرامی روبروی قنادی گلدیس پلاک 82,65634544-,35,10100008120
امین(باقرالعلوم),تهران - غرب,شهریار,NULL,NULL,شهریار،عباس آباد،خیابان استاد مطهری ،نبش کوی مسرت،پلاک379,02165250880-65221060-2,32,10100007435
ولی عصر(عج),تهران - غرب,شهریار,اندیشه,شهراندیشه,شهریار،اندیشه فاز 3،خیابان ولیعصر(عج)،بازار بزرگ اندیشه ورودی بازار جنب بانك رفاه كارگران,02165561710,76,10100017007
امام سجاد(ع),تهران - غرب,شهریار,صفادشت,یوسف آباد قوام,شهرملارد، صفادشت، یوسف آبادقوام,65583825,230,10100040140
امیر المومنین علی(ع),تهران - غرب,شهریار,NULL,کردزار,شهریار،کردزار،بلوار شهید بهشتی،پلاک74,65730439-65731520,39,10100009019
امین اقتصاد مارلیک,تهران - غرب,شهریار,NULL,ملارد,شهریار،ملارد،بیست متری مارلیک، خیابان آزادگان، پلاک97,021-65110610-65158336,31,10100007250
ذخیره انقلاب  بهارستان,تهران - غرب,رباط کریم,بهارستان,NULL,رباط کریم،بهارستان،گلستان،کوچه 8متری امام خمینی بلوار غدیر(جاده ساوه),56324243-56740157,515,14008564791
ذخیره ره پویان انقلاب اسلامی بوستان,تهران - غرب,بهارستان,نسیم شهر,NULL,بهارستان،نسیم شهر،خ امام خمینی،پلاک 535 ، طبقه همکف,02156753310,525,14008720072
مهدی موعود (عج) گلدسته,تهران - غرب,اسلامشهر,چهار دانگه,NULL,شهرک گلدسته ، خیابان کلانتری ، پلاک 157,55290202,2290,10100185265
خیبر نصیر شهر,تهران - غرب,رباط کریم,نصیرشهر,NULL,رباط کریم،نصیر شهر،خیابان امام خمینی،پلاک 396,56653336--56653337,571,14009997784
ذخیره کار گشایی انقلاب اسلامی,تهران - غرب,بهارستان,قلعه میر,NULL,بهارستان،قلعه میر،بلوار شهدا،کوچه ابن سینا،پلاک 212,56863323,585,14010686170
ذخیره شهر جدید پرند,تهران - غرب,رباط کریم,پرند,NULL,شهر جدید پرند محله پرند  فاز دوم  خیابان زنبق  پلاک 5,56727888,596,14010970656
حضرت ابوالفضل(ع),سمنان,NULL,NULL,خیرآباد,جنب مسجد صاحب الزمان(عج),023-33655088بعدازظهرکار,12,10700001820
رسالت,سمنان,NULL,NULL,NULL,خیابان امام خمینی-نرسیده به چهار راه مازندران-پلاک19,023-33322393,10,14000012335
مهدیه,سمنان,NULL,NULL,NULL,میدان ابوذر- خیابان حافظ جنوبی-جنب درمانگاه 17 شهریور - پلاک 1-38,023-33327004,4,10700000570
امام جعفرصادق(ع),سمنان,NULL,NULL,NULL,میدان پیرنجم الدین،ضلع جنوبی،طبقه همکف،پلاک 1,023-33327161,9,10480115279
وحدت,سمنان,سرخه,NULL,NULL,بیست کلیومتر مانده به سمنان-شهرستان سرخه-خیابان آیت ا... فیض,02333612828,1,10700000088
عدالت,سمنان,مهدی شهر,مهدیشهر,NULL,مهدیشهر،میدان امام خمینی (ره),02333623511,2,10480000195
ذخیره قائم(عج),سمنان,شهمیرزاد,NULL,NULL,شهمیرزاد،خیابان امام خمینی،پاساژ قائم(عج)،پلاک 57,023-33662399,18,10480002280
متوسلین به چهارده معصوم(ع),سمنان,دامغان,NULL,NULL,دامغان،میدان چهارده معصوم(فرهنگ),02335262674-75-35258104,6,14000094692
وحدت,سمنان,دامغان,NULL,NULL,دامغان،خیابان شهید بهشتی،پاساژ وحدت,023-35244511-35232552,3,14000073162
قائم(عج),سمنان,دامغان,NULL,NULL,ابتدای بلوار پیروزی-پاساژ موقوفه مطلب خان,023-35236970,1,10480000064
تعاون قائم(عج),سمنان,گرمسار,NULL,NULL,گرمسار،میدان امام خمینی،ضلع غربی,023-34222015-34223385,1,10480000098
ام الائمه(س),سمنان,دامغان,NULL,دروار,دامغان،دروار،جنب مسجد جامع دروار 09128315311اقای امیر فخریان مدیر داخلی,023-35373330,10,10480001314
امام سجاد(ع),سمنان,دامغان,کلاته رودبار,NULL,دامغان کلاته رودبار.میدان امام. صندوق قرض الحسنه امام سجاد(ع),023-35326322,20,10980249165
معصوم زاده,سمنان,دامغان,NULL,مرکزی,میدان امام ،خیابان شهید مطهری ،جنب مصلی,023-35255151-35255252,24,10980162541
زنان نرجس,سمنان,مهدی شهر,مهدیشهر,NULL,مهدی شهر،خیابان امام ،میدان امام،بازار،روبروی مسجد صاحب الزمان(عج),023-33625479,85,10480022221
بانوان صدیقه اطهر,سمنان,گرمسار,NULL,NULL,گرمسار،خیابان شهید بهشتی،روبروی اداره تامین اجتماعی,02334203557,22,10480002767
ولی عصر(عج),سمنان,شاهرود,NULL,NULL,شاهرود،میدان امام خمینی,023-32226555,1,10480000119
اسلام,سمنان,شاهرود,NULL,NULL,خیابان تهران جنب مسجد محمدی طبقه فوقانی,023-32227755,13,10480001640
حجت ابن حسن عسگری(عج),سمنان,شاهرود,NULL,NULL,شاهرود،انتهای بازار سه راه قائم(عج),023-32225475,15,10480001878
حضرت ابوالفضل(ع),سمنان,شاهرود,NULL,NULL,خیابان 17 شهریور-پاساژ مدرسه قلعه-طبقه همکف,023-32224000,8,10480001105
فاطمه زهرا(س),سمنان,شاهرود,NULL,NULL,شاهرود،خیابان امام،خیابان آزادگان،آزادگان نهم نبش خیابان,023-32224720,31,10480003409
باب الحوائج(ع),سمنان,شاهرود,رودیان,شهر رودیان,شاهرود،رودیان،خیابان امام خمینی ،نرسیده به میدان امام حسین(ع),023-32512728,44,10480004467
المهدی(عج),سمنان,شاهرود ، شهر بسطام,2325023,NULL,بسطام ،خیابان مهدیه -صندوق المهدی بسطام,023-32522550,2,10480000235
شهید موسی مظفری,سمنان,شاهرود,NULL,کلامو,بسطام،روستای کلامو,023-32275550,5,10480000668
علی اصغر(ع),سمنان,میامی,NULL,میامی,میامی،خیابان امام رضا (ع),023-32622299-2832,10,10480000406
امام حسن مجتبی(ع),سمنان,شاهرود,NULL,حسین آباد کالپوش,میامی-حسین آباد کالپوش,023-32663202,52,10480005166
قائم آل محمد(عج),سمنان,شاهرود,NULL,بیارجمند,شاهرود،بیارجمند،خیابان امام خمینی،پایین تر از بانک ملت,023-32673282-3111-091277306 احمدی,32,10480003544
علی بن ابیطالب(ع),سمنان,شاهرود,مجن,شهرمجن,بلوارامام حسین(ع) اول کوچه مسجدجامع,023-32573255,23,10480002733
ولی عصر(عج),سمنان,شاهرود,NULL,ابرسج,روستای ابرسج محله بالا,023-32538270,14,10480001766
جوادالائمه(ع),سمنان,شاهرود,ميامي,رضوان,شاهرود،میامی، رضوان،خیابان امام رضا(ع)،روبروی مسجد جامع,023-32631335,6,10480000810
حضرت ابوالفضل(ع),سمنان,شاهرود,NULL,جودانه,شاهرود،روستای جودانه,023-32278999,37,10480003865
الغدیر,سمنان,شاهرود,میامی,نام نیک,میامی - بخش کالپوش-روستای نام نیک,02332636936-32636525,11,10480005527
توحید جهادیه,سمنان,NULL,NULL,NULL,بلوار پیروزی،جهادیه،نبش جهادیه3,02333371016,3,10700000420
حضرت علی اصغر کوهان,سمنان,سمنان,میامی,کوهان,میامی.بخش مرکزی.دهستان کلاته شرقی.روستای کوهان,NULL,56,14009499537
تعاون اسلامی خاتم الانبیاء(ص),زنجان,ابهر,هیدج,NULL,ابهر،هیدج،خیابان حکیم  هیدجی ،روبروی مخابرات,0243-5752396,85,10460008145
شهدای قروه,زنجان,ابهر,NULL,قروه,خیابان امام خمینی -پایین تر از بانک تجارت,024-35362040,169,10460012655
شهید بهشتی,زنجان,خرمدره,NULL,خرمدره,خيابان سيدجمال الدين  اسدآبادي بالاتر از خيابان ملاصدرا نرسيده به ميدان امام حسين(ع),024-35523693,290,10460018475
امام محمد باقر(ع),زنجان,خدابنده,NULL,شهرک کرسف,خدابنده،شهرک کرسف،خیابان حکیم زهراوی کرسفی,024-34355211,2,10861224537
المهدی(عج),زنجان,ابهر,NULL,NULL,بلوار ایت الله طالقانی-16 متری نواب-خیابان نواب غربی-جنب مسجد چهارده معصوم(ع),024-35223363,7,10460000853
الزهرا(س),زنجان,خرمدره,NULL,قلعه حسینیه,خرمدره،قلعه حسینیه،خیابان شهید بهشتی،روبروی مسجد صاحب الزمان(عج),024-35584002,67,10861953228
سیدالشهدا(ع),زنجان,ابهر,NULL,شریف آباد,ابهر،شریف آباد،میدان امام حسین(ع),02435281733,24,10460002948
سیدالشهداء حسینیه اعظم,زنجان,NULL,NULL,NULL,خیابان فردوسی ،نبش کوی حسینیه اعظم ،پلاک 159-09127419866اقای مرادلو مدیر داخلی,02433322124-33326249,126,10460010731
فرهنگیان زنجان,زنجان,NULL,NULL,NULL,بلوار دارلقران، اداره آموزش و پرورش استان زنجان,02433453893,57,10460005799
الزهرا(س),قم,NULL,NULL,NULL,خیابان مولوی مقابل بیمارستان گلپایگانی،پلاک73,02536601068,17,10590000160
بعثت,قم,NULL,NULL,NULL,امام زاده ابراهیم مقابل مسجد عبدالهی,025-38829071-38829070,2221,10861925040
حجت(عج),قم,NULL,NULL,NULL,سی متری کیوانفر-نبش کوچه یکم,025-36611062-36630843,68,10590000647
جوادالائمه(ع),قم,NULL,NULL,NULL,میدان سعیدی-ابتدای بلوار نیروی هوایی_نبش خیابان فرهنگ-بین بانک ملی و ملت,02536632766-36605149,23,10590000229
مهدیه حوزه علمیه,قم,NULL,NULL,NULL,بلوار الغدیر،جنب بوستان علوی،شهرک مهدیه حوزه علمیه قم،جنب مسجد امیرالمومنین(ع),025-32963030-32962666,77,10860949563
ذخیره انصارالمهدی(عج),البرز,کرج,NULL,حصارک بالا,ابتدای بلوار ازادی،روبروی پست,026-34553950,16,10100003938
قائمیه,البرز,کرج,NULL,حیدرآباد,میانجاده-خیابان شهیدبهشتی-بلوار امام خمینی-نرسیده به پل حیدراباد-پلاک273,026-34550789,49,10100011206
ذخیره قائم(عج),البرز,کرج,NULL,رجایی شهر,رجایی شهر(گوهردشت)،نبش ششم غربی،پلاک2,026-34476961,12,10100003047
جوادالائمه(ع),البرز,کرج,NULL,رجائی شهر,کوی اتحاد-چهارراه فروردین-روبروی مسجد الرحمن,026-34426547,64,10100014480
حضرت امیر(ع),البرز,کرج,NULL,شهرک رضوانیه,میدان شهدا(اول)،پلاک191,026-34703444,74,10100016410
سیدالشهدا(ع),البرز,کرج,NULL,فردیس,فلکه دوم فردیس،پاساژسیدالشهدا,026-36507042-36516528,47,10100010828
فردیس (مکتب القران مهدی(عج) سابق),البرز,کرج,NULL,فردیس,فلکه سوم ،داخل پاساژ,026-36500020,46,10100010564
ذخیره المهدی(عج),البرز,کرج,NULL,خیابان چالوس,پاساژ المهدی,026-32226160,10,10100002367
نهال جاویدان کرج,البرز,کرج,NULL,NULL,میدان کرج-نبش پاساژ کمالی-خیابان دکتر بهشتی,026-32225943، 02632214700,6,10100001518
ولی عصر(عج),البرز,کرج,NULL,کوی کارمندان جنوبی,جنب مسجد المهدی(عج),026-32703610,41,10100009480
رسول اکرم(ص),البرز,کرج,NULL,کمال شهر,ابتدای،خیابان ولیعصر،روبروی مسجد,026-34703801,29,10100006945
آیت الله طالقانی,البرز,کرج,NULL,NULL,کرج،میدان آزادگان،داخل پاساژ رضا,02632222100,61,10100013820
راضیه الزهرا(س),البرز,کرج,NULL,NULL,بلوارطالقانی جنوبی،روبروی دبیرستان شهداء انقلاب,02632254179,239,10100041229
قدس,البرز,کرج,NULL,گلشهر,45 متری گلشهر ویلا،نبش اذر غربی،جنب مسجد امام حسن عسگری,026-34642048,88,10100019353
حسینی,البرز,کرج,NULL,ولدآبادبزرگ,کرج-محمدشهر-ولدآبادبزرگ-خیابان 22بهمن,026-36302131-36303161,50,10100011420
حجت ابن الحسن عسگری(ع),البرز,کرج,NULL,گلشهر ویلا,خیابان ابوریحان غربی،بین میدان مادر و میدان امام،جنب مسجد حجت بن الحسن,026-32703978,345,10100052720
شهید صدوقی,البرز,کرج,NULL,NULL,کرج،میدان امام حسین،خیابان شهیدصدوقی،نرسیده به پل,026-32808958-32808957,85,10100018766
قدس,البرز,کرج,NULL,اشتهارد,کرج،اشتهارد،خیابان امام خمینی،روبرو بانک صادرات,026-37725204,1,10100010205
حضرت حجت(عج),البرز,کرج,NULL,NULL,کرج،خیابان فروغی،جنب مسجد حضرت حجت(عج),026-32229749,53,10100012100
جوادالائمه(ع),البرز,کرج,NULL,دهقان ویلا,اول خیابان خواجه نصیر-روبروی مسجد امام حسن مجتبی(ع),026-34429645,90,10100019733
الغدیر ایتام,البرز,کرج,NULL,NULL,کرج،خیابان شهید بهشتی،اول خیابان ادهم،پلاک40,026-32229677-32229678,326,10100050577
ذخیره عسگریه,البرز,کرج,NULL,NULL,بلوار چمران،میدان امام حسین،خیابان شهید صدوقی،روبروی بانک ملی,026-32803738-9,13,10100003203
رسول اکرم(ص),البرز,کرج,NULL,جهان شهر,کرج، جهان شهر،ابتدای خیابان فرمانداری،جنب مسجدرسول اکرم(ص),026-34472425,163,10100031579
امام جعفرصادق(ع),البرز,کرج,NULL,سه راه رجایی شهر,کوی کارمندان شمالی-جنب مسجد امام جعفر صادق(ص),026-34425618,28,10100006639
ولی عصر(عج)کارکنان موسسه استانداردوتحقیقات صنعتی ایران,البرز,کرج,NULL,NULL,شهر صنعتی،سازمان ملی استاندارد ایران,026-32806032,100,10100021880
امام حسین(ع),البرز,کرج - حیدرآباد,NULL,NULL,خیابان عدل-پلاک 140,026-34579998,459,10100065012
زنوز,البرز,کرج,NULL,NULL,انتهای خیابان کمالی-تقاطع خیابان برغان-پاساژ طلایی-طبقه اول-پلاک 26,026-32224888,371,10100055607
والعصر(عج),البرز,کرج,NULL,بیلقان,جاده چالوس-کیلومتر 4-بیلقان،پلاک 1049,026-32280491,327,10100050693
ابوالحسنین,البرز,ساوجبلاغ,NULL,اغشت,جاده کردان روستای اغشت,026-45233853,62,10100014057
ولی عصر(عج),البرز,کرج,NULL,ولدآباد,محمدشهر،ولدآباد بزرگ،محل یزدیها،خیابان امیرکبیر،خیابان بهمن 20,02636335817-18,453,10100064313
علی ابن ابیطالب(ع),البرز,کرج,NULL,مشکین دشت,خیابان هدایتکار-نبش پارک فدک,026-36203078-09123613046,457,10100064799
پیشاهنگ عباس آباد,البرز,کرج,NULL,عباس آباد,کرج،عباس آباد،خیابان جمشید عباسی پلاک 2428,026-36304440,4524,10100014116
انصارالحسین(ع),البرز,کرج,NULL,جعفرآباد,جاده ماهدشت-جعفر اباد-شهرک جعفریه-بلوار شهید صالحی,026-36334222-36308714,603,10100080872
پنج تن آل عبا(ع),البرز,کرج,NULL,حصارک پایین,خیابان فروردین،روبروی کوچه حضرت ابوالفضل,026-34663925,1193,14000262193
توحید,البرز,کرج,NULL,NULL,خیابان برغان-روبروی بازار انقلاب,026-32221158,79,10100017594
قدس مؤسسه تحقیقات,البرز,کرج,NULL,سه راه رجایی شهر,خیابان شهیدبهشتی-روبروی دهقا ویلای-اول مؤسسه تحقیقات علوم دامی کشور,026-34430010-14داخلی264,82,10100018177
شهدای قریشی,البرز,کرج,NULL,جهانشهر,خیابان فرمانداری،پلاک 4,026-34418773,413,10100059936
اباصالح(عج),البرز,کرج,NULL,رجائی شهر,کرج،رجائی شهر،خیابان داریوش،خیابان زبیدی شمالی،پلاک22,026-34420150,364,10100052832
بعثت,البرز,ساوجبلاغ,NULL,روستای رامجین,ساوجبلاغ،روستای رامجین,026-44363636--44363456,564,10100013650
ولی عصر(عج),البرز,کرج,NULL,هشتگرد,خیابان امام امت-جنب مسجدجامع,026-44222436-44220711-44240320,9,10100002240
اندوخته جعفری,البرز,نظرآباد,NULL,NULL,خیابان مطهری،جنب مسجدغدیریه,026-45352654,614,10100170213
الغدیر,البرز,ساوجبلاغ,NULL,خور,هشتگرد،شهرک خور،میدان امام,026-44652502,11,10100002601
نبی اکرم(ص),البرز,کرج,NULL,کوی کارمندان جنوبی,هجرت 19 جنب مسجد حضرت ابوالفضل,026-32705945,83,10100018464
امام زمان(عج),البرز,نظرآباد,NULL,قارپوزآباد(صالحیه),روستای قارپوز اباد,026-44593372,8,10100013402
قائم ال محمد(عج),البرز,ساوجبلاغ,NULL,هشتگرد,خیابان مصلی،روبروی بیمارستان امام جعفر صادق،پاساژقائم,026-44225311,130,10100049093
ولی عصر(عج),البرز,ساوجبلاغ,NULL,چندار,شهرکوهسار،بلوار امام خمینی،جنب گرمابه,026-44323350-09364255088,601,10100016842
فاطمیه,البرز,ساوجبلاغ,NULL,هیو,ساوجبلاغ،هیو،بالاتر از شهرک هیو،روبروی مسجد جامع,026-44642330,13,10100003241
سیدالشهدا(ع),البرز,ساوجبلاغ,NULL,شلمزار,شهرک هیو،بالاتر از شهرک هیو،روبروی مسجد جامع,026-44643430-44646077,12,10100051749
ایت الله طالقانی,البرز,کرج,NULL,طالقان,ساوجبلاغ شهرک طالقان,026-44724260,27,10100007610
امام سجاد(ع),البرز,کرج,NULL,ینگی امام,ساوجبلاغ،هشتگرد،ینگی امام،خیابان ایت اله طالقانی,026-44353711,15,10100003543
امام مجتبی(ع),البرز,کرج,NULL,شهرک اوج,کرج،شهرک اوج،میدان نبوت،خیابان حج،خیابان نواب صفوی،نبش بوعلی غربی،پلاک202,026-32542425,1267,10980259501
المهدی (عج) مسجد حضرت ابوالفضل(ع),البرز,کرج,کلاک نو,NULL,کرج،کلاک نو،خیابان شهید محمودی منش،خیابان شهید ولدی،پلاک 45,02632304605 - 32302130,77,10100017098
امام موسی  بن جعفر,البرز,کرج,زیبادشت,فرخ آباد,جاده ماه دشت ، زیبادشت فرخ آباد ، خیابان شهید مطهری ، نبش کوچه سعدی,02636883919,606,10100081250
امام  جعفرصادق(ع),قزوین,ابیک,NULL,NULL,ابیک،خیابان طالقانی،روبروی کلانتری 26,028-32822726-02832826509,17,10980033523
امام زمان(عج),قزوین,بوئین زهرا,NULL,NULL,بوئین زهرا،خیابان ولیعصر غربی اول،نبش کوچه شهید  محمد خلج آزاد،پلاک 234,02834222355,1,10980033576
ثامن الائمه(ع),قزوین,ابیک,NULL,زیاران,ابیک، زیاران،روبروی پایگاه بسیج,028-32832270,20,10980033601
شهدا,قزوین,ابیک,NULL,شهرک قشلاق,ابیک،شهرک قشلاق,02832835355,44,10861583207
شهید موسوی,قزوین,بوئین زهرا,NULL,شال,بوئین زهرا، شال،خیابان شهید موسوی،جنب دفترامام جمعه,028-34413100,3,10980263929
چهارده معصوم(ع),قزوین,محمدیه,محمدیه,زیبا شهر,محمدیه،زیبا شهر،منطقه 1،خیابان معلم،والفجر 6،روبروی مخابرات,028-32562577امام قلیان09121828744,45,10980033300
دشت خرم (امیرالمومنین(ع) سابق),قزوین,تاکستان,فارسجین,NULL,قزوین-تاکستان-شهرک فارسجین-خیابان امام خمینی(ره)-بر خیابان-صندوق قرض الحسنه امیرالمومنین(ع),02835762151,53,14004745570
ابوذر,قزوین,آبیک,NULL,NULL,آبیک،خیابان شهید مطهری،بعداز چهارراه عارف،نبش تقاطع حاج سیاری,028-32826658,30,10980027309
امین صادق(ذخیره امام),اصفهان,NULL,NULL,مرکزی,خیابان جی،خیابان پروین،خیابان صباحی،پلاک110,031-32320620-2,153,10260040334
شهید مطهری,اصفهان,NULL,NULL,NULL,خیابان مسجد سید مقابل خیابان پنج رمضان,031-32362526,167,10260043394
حسنات صدر ارحامی (امام حسن مجتبی),اصفهان,NULL,NULL,NULL,خیابان جهاد(صارمیه سابق) صدر ارحامی,031-32345566-32367895-32336896,89,10260025821
فاطمه الزهرا(س),اصفهان,NULL,NULL,NULL,میدان ارتش،محله محمودیه،کوچه شهید خدارحمی،جنب مسجد امام حسین(ع),031-37763326,569,10260112421
اباصالح مهدی(عج),اصفهان,اصفهان,NULL,NULL,خیابان عبدالرزاق بازار بزرگ سه راه باغ قلندر ها پاساژ علوی,031-32226347-32226171-32266777,264,10260062808
نسل فردا نصف جهان سپاهان,اصفهان,NULL,NULL,NULL,فلکه احمد آباد -اول خیابان بزرگمهر-خیابان شهید مفتح- ساختمان محمد,031031-32274519-32274698,817,10260141690
فدک,اصفهان,NULL,NULL,اپادانا اول,اصفهان -خیابان شهید قدوسی (اپادانای اول) جنب بانک سپه,031-36632083-36625759,1069,10260165280
ابرار(امام محمدباقر ع ),اصفهان,خمینی شهر,NULL,NULL,میدان شهدا,03133518391,422,10260043147
حضرت نوح(ص),اصفهان,NULL,NULL,NULL,بزرگراه شهید چمران-ابتدای خیابان آل محمد(ص),031-34586400-500-600,831,10260143181
مهرالمهدی(جوانان عاشق مهدی),اصفهان,NULL,NULL,NULL,خیابان کاوه -ابتدای خیابان 15 خرداد-روبروی بیمارستان سوانح سوختگی,031-34650329-34650355-34650565,897,10260150071
میلاددستگرد,اصفهان,NULL,NULL,NULL,بلوارکشاورز،خیابان قائمیه،نرسیده به یگان ویژه سمت راست,031031-37815141-2-37808193-37809385,1194,10260172680
روح ا...,اصفهان,NULL,NULL,NULL,خیابان جی-خیابان تالار-روبروی اداره ثبت املاک-,03132305254,381,10260082505
رضوی,اصفهان,خمینی شهر,NULL,NULL,خمینی شهر،بلوار شهید صدوقی بالاتر از تامین اجتماعی,03133627565,7,10260002547
ام البنین (س),اصفهان,NULL,NULL,NULL,خیابان هاتف،کوچه مشیر،چهارراه دروازه اشرف،جنب سرای هندوها،بازار دروازه اشرف،پاساژ داودی،پلاک 31,031-32202090-32202089,360,10260078870
ولی عصر(عج),اصفهان,گلپایگان,NULL,گلشهر(روستای کنجد جان),گلپایگان، گلشهر، میدان امام حسین، بلوار 45متری,031-57322047-57323597,135,10260038867
الزهرا(س),اصفهان,خمینی شهر,منظریه,NULL,خمینی شهر-منظریه بلواردانشجو جنب ک فجر چهارم غربی,031-33642230,35,10260011424
شهدا و ایثار گران ذوب آهن,اصفهان,لنجان -زرين شهر,لنجان - زرین شهر,NULL,ذوب آهن اصفهان -روبروی مسجد الغدیر -  ساختمان اداري فولادسازي -طبقه همکف,031031-37763623-52577104,6251,14004190606
خلیل الرحمان,اصفهان,NULL,NULL,رهنان,رهنان خیابان ابوذر,31031-37355075-37382030,129,10260034897
امام رضا(ع),اصفهان,NULL,شهر نصرآباد,NULL,جرقویه سفلی،نصرآباد،بلوار امام رضا(ع)،نبش كوجه مهدیه,03146655040,767,10260136059
صابرین,اصفهان,NULL,NULL,NULL,چهارراه هشت بهشت غربی،اول خیابان ملک جنوبی,031-32730551-2,1376,10260182540
حجت(عج),اصفهان,NULL,NULL,گورتان,خیابان آتشگاه -جنب گرمابه ارم (محله گورتان),031-37718726-377178727,253,10260060673
ابوذر,اصفهان,NULL,NULL,کوهانستان,خیابان آتشگاه،چهارراه شهدای،کوی سجاد،ابتدای محله کوهانستان,03137716978,290,10260067232
ولی عصر(عج),اصفهان,NULL,NULL,حسین آباد,خیابان حکیم نظامی،خیابان حسین آباد,031-36270736-36244771,86,10260024932
انصارالمهدی(عج),اصفهان,NULL,NULL,NULL,میدان لاله،خیابان پروین،خیابان شیخ طوسی غربی،روبروی مسجدقبا,031-35664100-35663884,282,10260065931
قائم(عج),اصفهان,نجف آباد,NULL,NULL,نجف آباد،خیابان امام خمینی (چهارسوق),031-32643029-9100,2,10260000619
امام حسن مجتبی(ع),اصفهان,نجف آباد,NULL,جلال آباد,خیابان امام شرقی ، جنب حسینیه,03142490144,27,10260009032
شهید بهشتی,اصفهان,اردستان,NULL,NULL,خیابان امام خمینی-بالاتر از بانک تجارت,3154242253,55,10260016448
شهید بهشتی,اصفهان,وزوان,NULL,NULL,خیابان امام خمینی،پلاک 38,031-45422655-6655,3,10260000740
حسینیه,اصفهان,خمینی شهر,NULL,NULL,میدان شهدا-خیابان شهید فهمیده,031-33633119-33637089-33512217-33671236,141,10260035752
امام حسن مجتبی(ع),اصفهان,جرقویه,NULL,دستجرد,منطقه چرقویه علیا روستای دستجرد  روبروی بهداری,031-46530097,747,10260133664
حضرت مهدی(عج),اصفهان,خمینی شهر,NULL,NULL,خیابان امام خمینی جنوبی-شترگلو,03133514700-33631747,59,10260025948
سیدالشهدا(ع),اصفهان,NULL,كوهپایه,جزه,بخش کوهپایه روستای جزه,031-46566134,6670,14010667093
حسنات,اصفهان,خمینی شهر,NULL,مرکزی,خمینی شهر،خیابان امام شمالی،کنار مسجد هاشمیه,031-33626060-33624071,74,10260021754
حضرت سجاد(ع),اصفهان,خمینی شهر,درچه,NULL,استان اصفهان شهرستان خمینی شهر بخش مرکزی شهر درچه پیاز نواب صفوی کوچه آسمان خ بسیج پلاک 0 طبقه همکف واحد 9,03133762277,137,10260032633
قمر بنی هاشم(ع),اصفهان,شهرضا,NULL,NULL,شهرضا،بلوار شهید مطهری،نرسیده به میدان صاحب الزمان(عج),031-53223040-53222969,18,10260006118
امام حسن مجتبی(ع),اصفهان,شهر رضا,شهرضا,اسفرجان,خیابان معلم-روبروی دبیرستان شهید ایت اله مصطفی خمینی,031-53402097,17,10260005856
سیدالشهدا(ع),اصفهان,شهرضا,NULL,NULL,شهرضا،خیابان انقلاب اسلامی،روبروی بانک تجارت,031-53518007-53518005-53517957,7,10260002566
تعاون اسلامی,اصفهان,دهاقان,NULL,NULL,دهاقان،انتهای خیابان شهید موسوی،میدان دفاع مقدس,03153333070-71,13,10260001073
قدس,اصفهان,شهرضا,دهاقان,عطاآباد,شهرضا،از توابع دهاقان،خیابان معلم,03153333080,16,10260001643
امام جعفرصادق(ع),اصفهان,علویجه,NULL,NULL,علویجه،خیابان امام خمینی,031-42412400,9,10260003246
فاطمیه,اصفهان,نائین,NULL,مزرعه امام,خیابان امام خمینی,031-46257414,15,10260004971
ولیعصر (عج),اصفهان,نائین,نایین,NULL,خیابان امام جنب مسجد حضرت سجاد (ع),03146252115,10,10260003533
ولی عصر(عج),اصفهان,خوروبیابانک,خور,خور بیابانک,جنب میدان امام-خیابان امامزاده سید داود-صندوق قرض الحسنه ولی عصر,031-46322059,4,10260002357
حمزه سیدالشهدا,اصفهان,نائین,NULL,چوپانان,خیابان امام خمینی,031-46204052,4,10260001282
شهید محمد یاور,اصفهان,نائین,خوروبیابانک,چاه ملک,نائین -روستای چاه ملک,031-46370234,6,10861173264
امام حسین(ع),اصفهان,نجف آباد,NULL,NULL,خیابان دکتر شریعتی -جنب بازار,031-426302142630213/0314262302112,3,10260001337
حضرت علی اکبر(ع),اصفهان,نجف آباد,NULL,NULL,خیابان شریعتی،چهار راه الله اکبر-خیابان 15 خرداد شمالی,03142629732-2633444,1,10260000015
قمر بنی هاشم(ع),اصفهان,نجف آباد,NULL,صالح آباد,بلوار شهیدمحمد منتظری، نبش کوچه شهید سلیمان عباسی پلاک218,031-42442330-4430,16,10260005520
قمر بنی هاشم(ع),اصفهان,لنجان,سده لنجان,NULL,سده لنجان خیابان امام روبروی خیابان ابن سینا,0312432568,75,14004133863
ولی عصر(عج),اصفهان,لنجان,زرین شهر,NULL,خیابان ولی عصر(عج),0352224735,55,10260042910
قمر بنی هاشم(ع),اصفهان,لنجان,زرین شهر,NULL,خیابان شهید مدنی پلاک 157,031-52225551-52225552,21,10260007104
امیرالمومنین علی(ع),اصفهان,لنجان,زرین شهر,NULL,میدان نماز (چهارراه)،خیابان شهیدرجایی،پلاک15,031-52234404-52274404-52272200,59,14003089441
تعاون اسلامی,اصفهان,گلپایگان,NULL,NULL,گلپایگان،خیابان امام خمینی،جنب بانک صادرات,03157451175,132,10260019607
تعاون اسلامی دو طفلان مسلم,اصفهان,گلپایگان,NULL,وانشان,جاده اصلی صندوق قرض الحسنه دو طفلان مسلم,031-57247116,133,10260020261
امام زمان(عج),اصفهان,گلپایگان,گلپايگان,سعیدآباد,کیلو متر9  گلپایگان،قریه سعیدآباد خیابان امام خمینی,031-57383240,131,10260017911
حضرت بقیه الله (عج),اصفهان,اصفهان,NULL,اصفهان,میدان جمهوری اسلامی - جب بانک مسکن- اول کوچه دکتر مسعود پور,03133366668,113,10260031252
سید الشهداء (ع) کربلائیها,اصفهان,اصفهان,NULL,اصفهان,خیابان ولیعصر،خیابان صغیر جنب حسینیه,03132283360  -  32292251,513,10260103768
علوی,اصفهان,اصفهان,NULL,اصفهان,خیابان میر ، حدفاصل مسجد کازرونی ، و پل شیخ صدوق,03136670722,126,10260034143
سجادیه,اصفهان,اصفهان,NULL,NULL,خیابان کاوه،ابتدای خیابان شهید دکتر باهنر،جنب مسجد حضرت سجاد (ع),0313377733,871,10260147400
امام محمدباقر(ع),اصفهان,اصفهان,NULL,NULL,خیابان طیب ، نبش کوچه پامچال,03132200074-41-45-47,239,10260057996
کوثر ملک شهر,اصفهان,ملک شهر,NULL,NULL,ملک شهر ،خیابان مطهری،جنب مسجد اعظم,03134410510,549,10260109330
کوثر,اصفهان,اصفهان,NULL,NULL,چهارباغ عباسی،کوچه کازرونی,03132221488,366,10260079930
حضرت علی(ع),اصفهان,اصفهان,سیچان,NULL,سیچان،چهارباغ بالا، جنب پمپ بنزین،کوچه فرشاد,03136242708,105,10260029411
حضرت ابوالفضل(ع),اصفهان,اصفهان,NULL,NULL,خیابان عبدالرزاق،مقابل بازارچه حاج محمدجعفر,03132217822,1353,10260181403
شجره طیبه دانش (ولایت فقیه سابق),اصفهان,اصفهان,NULL,NULL,خیابان سهروردی، ابتدای خیابان رودکی ،سمت راست,03137791604,186,10260047379
محسنیه,اصفهان,اصفهان,NULL,NULL,خیابان فروغی ، جنب مسجد پناهی,03133353373-- 33390080,138,10260037020
امام رضا ( ع ),اصفهان,اصفهان,NULL,NULL,چهارراه وفایی ، ابتدای نواب صفوی ، جنب بانک ملت,03133384145--33358898,635,10260120783
مولای متقیان,اصفهان,NULL,NULL,NULL,خیابان آیت اله طیب جنب پمپ بنزین,03132226525,1120,10260168356
موسی بن جعفر (ع),اصفهان,اصفهان,NULL,NULL,اتوبان شهید خرازی نبش خیابان صمدیه لباف ابتدای کوچه شهید فاضل,03133355056,501,10260101878
علی ابن موسی الرضا (ع),اصفهان,فریدونشهر,NULL,NULL,خیابان شریعتی,03157594040,1,10260000374
حضرت زهرا (س),اصفهان,نجف آباد,گلدشت,NULL,نجف آباد،گلدشت،خیابان امام،مقابل خیابان شهید بهشتی,03142232686,24,10260008158
رضوی,اصفهان,NULL,NULL,NULL,خیابان بزرگمهر ، خیابان رکن الدوله ، جنب مسجد رضوی,03132674550--32678440,160,10260041910
مهد قرآن کریم,اصفهان,NULL,NULL,NULL,خ ابن سینا، جنب پارک شمس ، قبل از کوچه 37,03134476681,1112,10260167866
ذخیره مهدیه,اصفهان,NULL,NULL,NULL,اصفهان خیابان احمد آباد روبروی مسجد ایلچی,03132295535,191,10260048481
انصار المهدی (عج),اصفهان,شاهین شهر و میمه,گرگاب,NULL,شاهین شهر و میمه،گرگاب،محله 3 (امام خمینی)، خیابان معلم ، بلوار امام خمینی ، پلاک 362 ، طبقه همکف,03145753386--45754890,6535,14010189109
امام زمان (عج),اصفهان,NULL,زرین شهر,قلعه قاسم لنجان,زرین شهر،محله قلعه قاسم،جنب گلستان شهدا،کوچه شهیدحسن مومنی، پلاک یک,03152220064,109,10840112646
بعثت,اصفهان,اصفهان,NULL,NULL,خیابان مشتاق دوم،ابتدای خیایان بازارچه,03132600869-32608323,170,10260043930
امام علی(ع) اردستانیها مقیم اصفهان,اصفهان,اصفهان,NULL,NULL,اتوبان چمران - خیابان شاهد - روبه روی مسجد خاتم الانبیاء,03134610247-34611330,1111,10260167792
حضرت ابوالفضل (ع) دولت آباد,اصفهان,NULL,برخوار و میمه,دولت آباد,بلوار طالقانی رو به روی شهرداری,03145826800,894,10260149704
امیرکبیر,اصفهان,NULL,NULL,NULL,خ امام خمینی خ امیرکبیر روبروی بانک ملت,03133864060,494,10260100712
شهید آیت الله قدوسی,اصفهان,اصفهان,NULL,NULL,خانه اصفهان،خیابان گلخانه،جنب بانک ملت,03134206264,301,10260068972
امام حسن عسگری(ع),اصفهان,NULL,NULL,NULL,خیابان مصلی(اب 250) جنب کوچه 18,03136637240,327,10260073081
فرهنگیان,اصفهان,نجف اباد,نجف آباد,NULL,نجف آباد،خیابان دکتر شریعتی،جنب آموزش پرورش,03142612131,76,10260022206
اسلامی,اصفهان,اصفهان,NULL,NULL,خیابان آیت الله کاشانی فلکه چهارسوق,03132360084-5,91,10260026233
علوی فرهنگیان,اصفهان - کاشان,کاشان,NULL,NULL,خیابان شهید رجائی - مقابل ساختمان مخابرات   - جنب پارکینگ شهید رجائی - صندوق علوی فرهنگیان کاشان,031-55441812,5,10260001829
اندوخته جاوید,اصفهان - کاشان,کاشان,NULL,NULL,خیابان امام خمینی،جنب حوزه علمیه حضرت ایت الله یثربی,03155443139,3,10260001020
پس انداز تعاون اسلامی,اصفهان - کاشان,کاشان,NULL,NULL,خیابان محتشم،درب زنجیر سرای مرتضایی,031-55448665/03155448666,7,10260002435
انقلاب اسلامی,اصفهان - کاشان,کاشان,NULL,NULL,میدان قاضی اسداله,031-55224660-55225757,6,10260001926
باب الحوائج(ع),اصفهان - کاشان,کاشان,NULL,NULL,خیابان باب الحوائج-ساختمان کاظمیه,031-55458005,16,10260005423
وحدت,اصفهان - کاشان,کاشان,كاشان,لتحر,میدان شهدای لتحر-ابتدای بلوار زیارت09132769398رحیم زاده,031-55214046,22,10260007503
المهدی(عج),اصفهان - کاشان,کاشان,مشکات,NULL,مشکات،میدان امام خمینی،جنب خانه ترویج ولی عصر (عج),03155683704,9,10260003115
انقلاب اسلامی,اصفهان - کاشان,کاشان,NULL,فین,خیابان امیرکبیر.میدان شهید اردهال.فین بزرگ.مجتمع خاتم الانبیاء,031-55330005,17,10260005987
سیدالشهدا(ع),اصفهان - کاشان,کاشان,NULL,NULL,خیابان طالقانی،حسینیه سید الشهدا(ع),031-55469222,63,10260018800
راهیان فتح,اصفهان - کاشان,کاشان,NULL,NULL,خ امام خمینی، خ خاتم الانبیا، خیابان شهیدان گل محمدی ،جنب مسجد مهدیه,031-55454747,156,10260040957
آل محمد(ص),اصفهان - کاشان,کاشان,NULL,آران بیدگل,بخش مرکزی شهرآران و بیدگل محله مختص آباد میدان هاشم ابن علی خیابان 22 بهمن طبقه همکف,03154739850-51-52,240,10260008070
امام خمینی,اصفهان - کاشان,نطنز,NULL,NULL,نطنز،میدان معلم،بلوار آزادگان،روبروی تامین اجتماعی،کوچه سعادت,3154229550,1,10260000034
ولی عصر(عج),اصفهان - کاشان,آران وبیدگل,آران و بیدگل ابوزیدآباد,ابوزیدآباد,آران وبیدگل،ابوزیدآباد،خیابان امام خمینی،کوچه شهید سلطانی,031-54253443,4,10260007176
تعاون اسلامی ولیعصر (عج),اصفهان - کاشان,کاشان,برزک,شهربرزک,شهر برزُک،خیابان امام خمینی,031-55672220-55673266,11,10260003795
قدس,اصفهان - کاشان,کاشان,نوش آباد,NULL,نوش آباد،خیابان امام خمینی،چهار راه شهید منتظری,031-54822533,2,10260006141
ولی عصر(عج),اصفهان - کاشان,آران و بیدگل,NULL,NULL,آران و بیدگل.میدان سردار سلیمانی.خیابان نواب صفوی,03154723344,6,10260013751
امام حسن مجتبی(ع),اصفهان - کاشان,کاشان,قمصر,NULL,قمصر،خیابان انقلاب,03155642155,26,10260008941
مهدیه,اصفهان - کاشان,کاشان,قمصر,قمصر،فرفهان,قمصر،فرفهان،محله پائین،خیابان شهیدان خاندائی،جنب اورژانس شبانه روزی قمصر,031-55647425,25,10260008542
ولی عصر(عج),اصفهان - کاشان,کاشان,نیاسر,NULL,نیاسر،خیابان سعیدی,031-55722529,53,10260016429
خاتم الانبیاء(ص),اصفهان - کاشان,نطنز_شهربادرود,بادرود,NULL,نطنز،بادرود،سه راه طالقانی,03154344320-54342123,3,10260000885
سیدالشهدا(ع),اصفهان - کاشان,کاشان,NULL,روستای ازناوه,بلوار شهید مطهری-جنب درمانگاه فرهنگیان,031-55548850,62,10260018703
امام حسین(ع),اصفهان - کاشان,کاشان,آران وبیگل,NULL,خیابان 17 شهریور,031-54733222,7,10260017434
ثامن الائمه(ع),اصفهان - کاشان,کاشان,NULL,کله,روستای کله,031-55702151,45,10260014013
فاطمه زهرا(س),اصفهان - کاشان,کاشان,NULL,مرق,روستای مرق محله پایین,031-55676575,67,10260019966
بعثت,اصفهان - کاشان,نطنز,بادرود,اریسمان,خیابان امام-بخش امامزاده,031-54312400,6,10260002040
شهدای کامو,اصفهان - کاشان,کامو وچوگان,NULL,قمصر,کامو چهارراه ولی عصر(عج )ابوترابی09126081961,031-55666242,768,14008893570
امام حسن مجتبی(ع),اصفهان - کاشان,کاشان,NULL,NULL,محله شهید چمران،کوچه شهید غلامرضا براتی،کوچه صاحب الزمان(عج) پلاک 26 ط همکف,03155229635,77,10260022487
مهدیه  شاهدیه,یزد,شاهدیه,NULL,ابرندآباد,شاهدیه-ابرندآباد,03535211666,42,10840007027
حضرت موسی بن جعفر(ع),یزد,یزد,يزد,NULL,بلوار دهه فجر ،نبش كوچه  54,03536259028,63,10840009485
حضرت مولا(ع),یزد,NULL,NULL,امام شهر,بلوار 17 شهریور، بلوار ولی عصر، خیابان رازی،کوچه سمت راست مسجد انبیاء، پلاک 37,03535232321,301,10840029689
فاطمیه,یزد,NULL,NULL,محله شیخداد,شیخداد- بلوار نواب صفوی-کوچه مسجد کوفه,035-36222997,132,10840015184
زینبیه(س),یزد,NULL,NULL,اهرستان,بلوار شهید صدوقی ،جنب مسجد اهرستان,03517250666,112,10840013636
مهدی موعود(عج),یزد,NULL,NULL,سیدگلسرخ,خیابان شهید مدنی,03536212717,79,10840010876
چهارده معصوم(ع),یزد,NULL,NULL,NULL,خیابان سلمان فارس،جنب حسینیه چهارده معصوم(ع),035-36241414,76,10840010633
امام حسن مجتبی(ع),یزد,NULL,NULL,رحمت آباد,یزد رحمت اباد,035-38220812,87,10840011518
ابوالفضل(ع),یزد,شاهدیه,NULL,ابرندآباد,شاهدیه،ابرندآباد،خیابان امام،خیابان مسجد جامع,0351-5211555,124,10840014618
امام محمد تقی(ع),یزد,NULL,NULL,محمدآباد چاهوک,خیابان شهید مطهری-جنب دبستان دخترانه-روبروی مسجد جامع,035-38363010,105,10840013085
جوادالائمه(ع),یزد,NULL,NULL,NULL,بلوار شهید پاک نژاد، 20 متری جوادالائمه، جنب مسجد جوادالائمه,03515359109-35239800,117,10840013995
علی اصغر(ع),یزد,NULL,NULL,NULL,خیابان قیام،روبروی خیابان مسجد ملا اسماعیل,03536262204,107,10840013197
امام رضا(ع),یزد,یزد,يزد,امام شهر,یزدبلوار 17 شهریور-خیابان شیخ صدوق کوچه شماره 11پ16,03535251543,123,10840014470
حضرت رقیه(س),یزد,NULL,NULL,آزاد شهر,آزاد شهر،فلکه سوم،خیابان موسی بن جعفر،کوچه 7 موسی بن جعفر،کوچه 6 عسکریه,0351-7215522-7222990,181,10840019403
سیدالشهدا(ع),یزد,NULL,NULL,امام شهر,بلوار 17 شهریور ،کوچه مسجدسیدالشهداء،جنب پارک شاهد,03535250115,188,10840020053
طه صدر,یزد,یزد,NULL,NULL,خیابان شهید رجایی ،جنب مدرسه شاه ولی صندوق قرض الحسنه طه صدر,03536268100,134,10840015414
معلولین,یزد,یزد,يزد,مركزي,بلوار ولی عصر(عج) 52متری امامشهر، خیابان 28(شهید محمد حسین روح)،,03535241118,174,10840018835
امام حسین(ع),یزد,NULL,NULL,حمیدیا,بلوار شهید دشتی-چهارراه امیر المومنین(ع)- ابتدای کوچه مسجد,03538225000,266,10840026916
اصناف,یزد,NULL,NULL,NULL,خیابان مهدی، روبروی کمیته امداد امام خمینی,03536264895,237,10840024572
مهدی فاطمه عیش آباد,یزد,NULL,NULL,عیش آباد,میدان ابوالفضل-بلوار جانباز-کوچه عیش آباد,0351-7211030,108,10840013334
قائم آل محمد(عج),یزد,میبد,NULL,NULL,میبد،خیابان امام ،جنب مجامع امورصنفی،صندوق مالی مهر اقتصاد,03532325222-32327091,46,10861593138
تعاون اسلامی,یزد,اردکان,NULL,NULL,خیابان امام خمینی-روبروی دانشگاه پیام نور-روبروی شهرداری,035-32222366,3,10840000453
حجت ابن الحسن عسکری(عج),یزد,مهریز,NULL,مزویرآباد,مهریز،مزویرآباد،خیابان شهید فهمیده،جنب بنیاد پانزده خرداد,03532533388,4,10840000610
منتظر المهدی(عج),یزد,بافق,NULL,NULL,بافق،خیابان مسجد جامع،میدان امام حسین،ابتدای خیابان شهید حبیبیان جنب مرکز نیکوکاری دارالمهدی (عج),03532426760,3,10840000527
بقیة الله(عج),یزد,تفت,NULL,طزرجان,طزرجان.خیابان رضوان. بعد از چهارراه,0353-2615330,63,10980228112
فاطمه زهرا(س),یزد,مهریز,مهريز,بغدادآباد,مهریز،بغداد آباد،میدان فاطمیه,03532537040,15,10840002607
هفتم تیر,یزد,اردکان,NULL,مرکزی,اردکان،خیابان شهید قانعی(سینا سابق),03532225969,6,10840001100
ولی عصر(عج),یزد,خاتم,مروست,NULL,مروست،خیابان شهید بهشتی,03532582130,2,10840000244
صاحب العصر(عج),یزد,مهریز,NULL,بغداد آباد,مهریز،بغداد آباد،ابتدای خیابان شهید مطهری شمالی,03532523555,3,10840000508
امام جعفرصادق(ع),یزد,تفت,NULL,ده بالا,شهید بهشتی-زیر باغشاه,03532613330,3,10840000487
صاحب الزمان(عج),یزد,مهریز,NULL,تنگ چنار,مهریز،دهستان تنگ چنار,03532557330,9,10840001630
تعاون ولی عصر(عج),یزد,میبد,NULL,شهیدیه,خیابان ولیعصر(عج)-نبش کوچه شهداء 34,035-32333525-32332920,222,10861592842
حضرت سجاد(ع),یزد,رضوانشهر,NULL,NULL,خیابان شهید صدوقی -روبروی مسجد امیرالمومنین,03532722030,10,10862059557
حضرت مهدی(عج),یزد,میبد,NULL,فیروزآباد,میبد،فیروزآباد،خیابان سلمان فارسی،50متری میدان شهیدصدوقی,03532323152,72,10861592118
ذخیره المهدی(عج),یزد,میبد,NULL,بیده,بلوار شهید اشتری بیده سه راه شهدا جنب راهنمائی سابق,03532354959,226,10861592141
امام صادق(ع),یزد,میبد,NULL,خانقاه,خیابان 22 بهمن-خیابان سیدالشهداء-جنب راهنمایی شاهد,03532325757-32326969,231,10861591140
قائم آل محمد(عج),یزد,مهریز,NULL,مهرپادین,بلوار شهید بهشتی-روبروی فرمانداری,03532523366,5,10840000907
امام علی(ع),یزد,اشکذر,NULL,ابراهیم آباد رستاق,خیابان شهید رعیت جنب مسجد حضرت سکینه (س),0353762060,15,10980072480
جوادالائمه(ع),یزد,زارچ,NULL,NULL,یزد زارچ خ امام (ره ) بلوار صاحب الزمان (عج ) حنب درمانگاه حضرت جواد الا ئمه ( ع ) زارچ,03535275373,13,10861337336
امیر المومنین(ع),یزد,میبد,ميبد,شهیدیه,خیابان ولی عصرك شهداء58،نبش کوچه,3532332050,5,10840000945
انصارالحسین(ع),یزد,صدوق,اشکذر,شرف آباد رستاق,خیابان خاتم الانبیا(ص),03532765444,12,14004092766
ابوالفضل العباس(ع),یزد,ابر کوه,ابرکوه,محله درب قلعه,ابرکوه،محله درب قلعه،خیابان صفائیه، تکیه حضرت ابوالفضل(ع),035-32826200,7,10840001226
سیدالشهدا(ع),یزد,اردکان,عقدا,NULL,اردکان،عقدا،جنب حسینیه بزرگ،جنب مدرسه علمیه عقدا,035-32282435,28,10840004759
فاطمه زهرا(س),یزد,NULL,NULL,NULL,خیابان انقلاب-روبروی کمیته امداد امام خمینی,03536265554,216,10840022625
صاحب الزمان(عج),یزد,میبد,NULL,محمودآباد,خیابان شهید میر باقری-خیابان رودخانه,03532336050,219,10861591476
ولی عصر(عج),یزد,تفت,NULL,NULL,خیابان ساحلی جنوبی جنب بانک ملی,035-32622666,1,10840000020
مهدی موعود(عج),یزد,ابرکوه,NULL,NULL,خیابان شهید بهشتی، روبروی مخابرات مرکزی,035-32822131,2,10840000375
حضرت امام جعفر صادق ( ع ),یزد,خیرآباد,NULL,NULL,بلوار شهید جوکار ، کوچه مقابل حسینیه خیرآباد,03537212290,66,10840009827
علی بیک,یزد,اردکان,NULL,محله علی بیک,اردکان،محله علی بیک،خیابان آیت اله داماد،جنب حسینیه علی بیک,03532225656,7,10840001319
صندوق تعاونی حضرت ولیعصر(عج),یزد,NULL,NULL,NULL,میدان شهیدبهشتی ابتدای خیابان دهم فروردین,03536262211,29,10840005025
علی بن موسی الرضا(ع),یزد,یزد,مهریز,مدوار,مهریز-مدوار-پایگاه امام حسین (ع),03532545270,14,10840002500
فرهنگیان (امام رضا),چهارمحال و بختیاری,شهرکرد,NULL,NULL,خیابان سعدی میدان دانش اموزش وپرورش ناحیه یک,03832225500,5,10340000347
محمدیه,چهارمحال و بختیاری,شهرکرد,NULL,NULL,شهرکرد،خیابان ملت شرقی،نبش کوچه 47,03832252243-32250994,1,10340000011
بنی هاشم(ع),چهارمحال و بختیاری,شهرکرد,NULL,بازنشستگان فرهنگی,خیابان سعدی،میدان دانش،ضلع جنوبی  اموزش وپرورش ناحیه یک,03832228535,90,10340005001
فاطمه زهرا(س),چهارمحال و بختیاری,شهرکرد,NULL,NULL,خیابان فردوسی ،پایین تر از میدان فردوسی،سمت چپ,03832272200,21,10340001430
امام صادق(ع),چهارمحال و بختیاری,شهر کرد,شهرکرد,سارمان بهزیستی,خیابان شریعتی-اداره کل بهزیستی استان,038-3229848-,100,10340005527
صادق(امام صادق ع ),چهارمحال و بختیاری,فرخشهر,فرخ شهر,NULL,فرخشهر،میدان بسیج ،ابتدای بلوار ولی عصر (عج),03832427011,71,10340004034
حجت ابن الحسن عسگری(ع),چهارمحال و بختیاری,شهرکرد,هفشجان,NULL,خیابان کاشانی-جنب مسجد جامع,038-32572343,2,10340000104
قائم(عج),چهارمحال و بختیاری,فرخشهر,فرخ شهر,NULL,فرخشهر،خیابان 7تیر,03832427878,7,10340000425
ولی عصر(عج),چهارمحال و بختیاری,فرخشهر,NULL,بخش فرخشهر,فرخشهر،خیابان شهدا,03832423080,16,10340001099
امام حسین(ع),چهارمحال و بختیاری,سامان,NULL,NULL,سامان خیابان سعدی,03833522400,18,10340001202
امام رضا(ع),چهارمحال و بختیاری,بروجن,NULL,NULL,بلوار ملت ،مقابل پارک ملت,03834224050,7,10861382013
صاحب الزمان(عج),چهارمحال و بختیاری,کیار,شلمزار,مرکزی,شلمزار-خیابان آزادی-روبروی اداره ثبت احوال,03832622600,15,10340001031
خیبر,چهارمحال و بختیاری,شهرکرد,طاقانک,NULL,چهارراه ولی عصر(عج),0383-2482400,23,10340001580
ولی عصر(عج),چهارمحال و بختیاری,فارسان,NULL,فارسان,میدان امام ، جنب حوزه علمیه,03833222959,154,10340000161
فاطمیه,چهارمحال و بختیاری,بروجن,فرادنبه,NULL,خیابان  اسدابادی,03834522145,8,10861382085
ولی عصر(عج),چهارمحال و بختیاری,لردگان,NULL,NULL,لردگان،چهار راه شهرداری,03834442585,154,10861323283
حضرت سجاد(ع),چهارمحال و بختیاری,شهر کرد,نافچ,NULL,شهر کرد،نافچ،خیابان امام خمینی (ره)،روبروی مسجد امام حسین (ع),03832332005,12,10340000858
ولی عصر(عج),چهارمحال و بختیاری,بروجن,NULL,NULL,میدان آزادی (شهرداری) مقابل بانک ملی مرکزی,03834222849,1,10861381922
شهدا,چهارمحال و بختیاری,بروجن,بلداجی,NULL,بلوار شهید بهشتی,038-34643032,17,10861382334
ثامن الائمه(ع),چهارمحال و بختیاری,بروجن,NULL,NULL,خیابان 17 شهریور ،جنب مسجد ولیعصر(عج),03834223086,9,10861382106
امام سجاد(ع),چهارمحال و بختیاری,شهرکرد,بن,NULL,جنب مسجد جامع-خیابان ملت,03833724735,47,10340002864
علی بن ابیطالب(ع),چهارمحال و بختیاری,سامان,NULL,NULL,سامان خیابان ارشاد،جنب مسجدالنبی(ص)حسینیه ارشاد,00003833524440,54,10340003238
امام علی(ع),چهارمحال و بختیاری,شهرکرد,شهربن,بن,خیابان امام رضا(ع) روبروی پل شهدا,03833726203,97,10340005360
امام صادق(ع),چهارمحال و بختیاری,شهر کرد,شهرکرد,شهر کیان,خیابان امام خمینی،(ره)نبش کوجه 6,038-33323553-33321772,61,10340003525
سیدالشهدا(ع),چهارمحال و بختیاری,بروجن,NULL,نقنه,خیابان قدس میدان امام,03834266218,5,10861381994
امام زمان (عج),آذربایجان شرقی,تبریز,NULL,NULL,خیابان قدس- 18 متری تالار-بالاتر از مسجد شهید ابراهیم آبست-پلاک110,04132831200,119,10860195255
امام حسن عسگری(ع),آذربایجان شرقی,تبریز,تبريز,NULL,تبريز،خیابان شهید منتظری،ایستگاه غیاث،جنب مدرسه کوثر,04133342204-33360544,195,10861137654
رسول اکرم (ص),آذربایجان شرقی,تبریز,NULL,NULL,تبریز،خیابان جمهوری اسلامی ایران،میدان شهدا،بازار بزرگ قطران تبریزی،طبقه اول،پلاک1,041-35531090-35554499,228,10861146983
امام جعفرصادق(ع),آذربایجان شرقی,تبریز,NULL,NULL,تبریز،شعید مطهری{راسته کوچه}کوچه شهید سبزی پلاک13,04135240043-35237993,216,10861144715
الهادی(ع),آذربایجان شرقی,تبریز,NULL,مرکزی,خیابان قطران-چهار راه صائب-جنب بانک تجارت,041-34772843,122,10861069902
ولی عصر(عج),آذربایجان شرقی,بناب,NULL,NULL,خیابان بهشتی-پاساژمصلی,041-37722232,1,10200000104
ولی عصر(عج),آذربایجان شرقی,خسروشاه,NULL,NULL,میدان نماز-ساختمان ولیعصر(عج),04132447321,57,10200014778
المهدی(عج),آذربایجان شرقی,آذرشهر,گوگان,NULL,آذرشهر،گوگان،چهار راه امیر کبیر،اول خیابان سعدی,041-34520010,1,10860135792
امیرالمومنین(ع),آذربایجان شرقی,بناب,NULL,NULL,بناب،جنب مسجد مهر اباد،خیابان شهید مطهری,04137724222-37722828,8,10200001770
امام حسن مجتبی(ع),آذربایجان شرقی,بناب,NULL,NULL,بناب،خیابان باهنر،اخربازارحاج تقی،جنب مسجد زرگران,041-37730777,7,10200001635
امام رضا(ع),آذربایجان شرقی,اسکو,اسكو,NULL,اسكو،خیابان امام خمینی،پایین تر از اداره آموزش و پرورش,33223659-041,395,10200013310
المهدی(عج),آذربایجان شرقی,اسکو,NULL,بایرام,اسکو،روستای بایرام،خیابان دانش,041-33422381-33423322,392,10200015517
امام جعفرصادق(ع),آذربایجان شرقی,اسکو,اسكو,NULL,اسکو،خیابان امام خمینی،روبروی بانک ملی,041-33223430,401,10200013325
مولی الموحدین,آذربایجان شرقی,خسرو شاه,خسروشاه,NULL,تبریز خسروشاه فلکه نمازاول خ شهید بهشتی ساختمان صندوق,04132444000-5000,53,10200014379
امام سجاد(ع),آذربایجان شرقی,اسکو,شهرستان اسكو,دیزج  امیر مدار,تبریز،جاده خسروشاه به اسکو،دیزج امیرمدار,04133422788,391,10200015629
المهدی(عج),آذربایجان شرقی,اسکو,تبريز,روستا کلجاه,کوچه آزادی، روبروی مسجد امام حسین(ع),041-33462504-5,394,10200013520
امیر المومنین(ع),آذربایجان شرقی,تبریز,ایلخچی,NULL,تبریز،ایلخچی،خیابان امام,04133414930,28,10200021537
الغدیر,آذربایجان شرقی,ایلخچی,NULL,NULL,خیابان امام روبروی مسجد ولیعصر(عج),04133414000,21,10200020750
باب الحوائچ(ع),آذربایجان شرقی,اسکو,NULL,بایرام,اسکو،بایرام,041-33423933-33422933,406,10200019772
استاد شهریار,آذربایجان شرقی,اسکو,اسکو دیزج امیر مدار,دیزج امیر مدار,کیلومتر یک  جاده خسرو شهر،روستای دیزج امیرمدار،روبروی مسجدجامع,041-33422992-3992,398,10200020291
ثامن الائمه(ع),آذربایجان شرقی,اسکو,NULL,باویل سلفا,میدان بهارستان,04133482534,408,10200017616
نبی اکرم(ص),آذربایجان شرقی,اسکو,NULL,میلان,میدان میلان،روبروی مسجد جامع,041-33225890-33226190,383,10200021254
باب الحوائج(ع),آذربایجان شرقی,تبریز,سردرود,NULL,خیابان امام-سر پل اول خیابان سنگستان-پلاک 1,041041-34202245-34200315,120,10861068726
محمدی,آذربایجان شرقی,مراغه,مراغه,NULL,خیابان دکتر بهشتی، داخل بازار مسگران,۴۱041-37228726-37253838,3,10200000727
امام حسین(ع),آذربایجان شرقی,مراغه,NULL,مرکزی,خیابان اوحدی، کوچه مسجد شهدا روبروی برجهای  مدور,041-37227977,13,10200002919
رسول اکرم(ص)ایثار,آذربایجان شرقی,مراغه,NULL,NULL,خیابان کاشانی-پاساژ وحدت طبقه همکف,041-37239708-37229708,6,10200001236
مهدیه میانه,آذربایجان شرقی,میانه,NULL,NULL,میانه،خیابان امام،کوچه امام زاده اسماعیل (ع),041-52235077,130,10200019145
ولی عصر(عج),آذربایجان شرقی,شبستر,تسوج,NULL,خیابان امام خمینی،روبروی میدان پارک شهرداری,04142575167-42573284,10,10200002144
ولی عصر(عج),آذربایجان شرقی,شبستر,صوفیان,NULL,شبستر،صوفیان،خیابان دکتر بهشتی،جنب مسجد ولیعصر(عج),041-42524626-42523474,5,10200001105
المهدی(عج),آذربایجان شرقی,تبریز,NULL,NULL,خیابان شهید مدنی,04135247579,43,10860481845
صاحب الزمان(عج),آذربایجان شرقی,هادی شهر,هادیشهر,علمدار,هادیشهر،علمدار،میدان نبوت،اول خیابان گلزارشهدا,041-42042120,17,10200003749
المهدی(عج),آذربایجان شرقی,جلفا,NULL,دهستان شجاع,جلفا،شجاع،میدان شجاع,041-42072211,44,14000215670
المهدی(عج),آذربایجان شرقی,جلفا,NULL,افشار,16 کیلومتری جاده هادی شهر به سیه رود،روستای افشار,04142067242-42046615,8,1020001790
المهدی(عج),آذربایجان شرقی,هادی شهر,NULL,گرگر,هادی شهر،گرگر،میدان قیام،روبروی بانک صادرات,04142042051,1,10200000273
قائم(عج),آذربایجان شرقی,جلفا,NULL,ارسی,جلفا،هادی شهر،روستای ارسی,04142075334,15,10200003276
المهدی(عج),آذربایجان شرقی,جلفا,هادیشهر,سیه سران,جلفا،هادیشهر،سیه سران,04142062499-42062662,43,10200001124
ائمه(ع),آذربایجان شرقی,مرند,مرند_یامچی,یامچی,خیابان امام،پلاک 190,041-42163055,1,10860061382
المهدی (عج) مرند,آذربایجان شرقی,NULL,NULL,NULL,شهرستان مرند،محله رجائی،کوچه زمین لر،خیابان شهید رجائی،طبقه همکف,041-42255090,282,14006789797
جوادالائمه (ع),آذربایجان شرقی,تبریز,NULL,NULL,تبریز،خیابان دارائی،جنب بانک سامان و جنب خیاطی امیر,04135242810,95,10861064950
امیرالمومنین,آذربایجان شرقی,شبستر,صوفیان,NULL,صوفیان ، خیابان امام ، کوچه بخشداری ، پلاک 25,04142523701,11,10200002446
حسینیه,آذربایجان غربی,ارومیه,NULL,NULL,ارومیه،خیابان امام،جنب پاساژ انصار,044-32221949-32229750,6,10220000998
هیئت حسینیان,آذربایجان غربی,ارومیه,NULL,NULL,ارومیه،خیابان امام،مسجد سردار،طبقه فوقانی،پلاک6,044-32233950,38,10220003500
الزهرا(س),آذربایجان غربی,نقده,NULL,NULL,نقده،خیابان امام خمینی,044-35624050,2,10862072925
سیدالشهدا(ع),آذربایجان غربی,نقده,NULL,بخش محمدیار,نقده،بخش محمدیار،خیابان امام خمینی,044-35432220-35433330,3,10861990660
الاحسان,آذربایجان غربی,نقده,NULL,NULL,نقده،خیابان رسالت(اسماعیل اباد)،روبروی مسجد حاج بابا آغا,04435675615-5675616,6,10861969076
